dimension,general,technical,aesthetic,arniqa,ava,clip_quality_v0,koniq,liqe,paq2piq,spaq,topiq,refcull_composite,refcull_composition,refcull_context,refcull_exposure,refcull_eye,refcull_focus,refcull_noise
general,1,0.93393,0.718567,-0.652062,-0.0495308,0.0693634,0.0109584,0.968254,-0.00470978,-0.157774,-0.610474,-0.00735181,-0.023603,-0.0152008,0.022084,0.0105379,0.0075715,0.0401076
technical,0.93393,1,-0.485077,0.833019,-0.230066,-0.0374217,0.0254549,-0.855321,-0.0461012,-0.0185005,0.808235,0.0598564,-0.0405296,-0.0124376,-0.0592523,-0.046518,-0.0295334,-0.0663323
aesthetic,0.718567,-0.485077,1,0.119396,0.701576,-0.0648192,0.0436245,-0.713476,-0.0903371,0.736181,0.0619915,-5.37778e-05,0.0405637,0.0105949,-0.0281983,-0.00767588,0.00124465,-0.0401682
arniqa,-0.652062,0.833019,0.119396,1,0.485976,0.0540385,-0.0501432,0.557699,0.0754164,0.233984,-0.750724,-0.115715,0.0390074,0.0985249,0.134779,0.0972078,0.0550289,0.0937418
ava,-0.0495308,-0.230066,0.701576,0.485976,1,0.0557082,-0.0154879,0.0915292,0.0383055,-0.850134,0.533067,0.0115952,0.00272617,0.0155238,-0.00255333,-0.0120984,-0.0115329,0.0462954
clip_quality_v0,0.0693634,-0.0374217,-0.0648192,0.0540385,0.0557082,1,-0.0653491,-0.0292587,0.0648389,0.0343149,-0.00597523,-0.0301359,-0.0842577,0.0391364,0.0238085,0.111864,0.00483648,-0.0964354
koniq,0.0109584,0.0254549,0.0436245,-0.0501432,-0.0154879,-0.0653491,1,-0.0401446,0.839426,-0.0480614,-0.00376372,-0.234245,-0.0541362,-0.0920716,0.00592583,0.118173,0.0870687,0.397472
liqe,0.968254,-0.855321,-0.713476,0.557699,0.0915292,-0.0292587,-0.0401446,1,0.0616245,0.123204,0.536632,-0.00640443,0.0622124,0.0319607,0.0232608,-0.00597769,0.00996539,-0.012924
paq2piq,-0.00470978,-0.0461012,-0.0903371,0.0754164,0.0383055,0.0648389,0.839426,0.0616245,1,0.144774,0.07916,0.137824,0.0553134,0.0674087,0.0370958,-0.0482132,-0.0657732,-0.264449
spaq,-0.157774,-0.0185005,0.736181,0.233984,-0.850134,0.0343149,-0.0480614,0.123204,0.144774,1,0.294373,-0.104809,0.0198108,0.0288114,0.111154,0.0947677,0.0311115,0.0922305
topiq,-0.610474,0.808235,0.0619915,-0.750724,0.533067,-0.00597523,-0.00376372,0.536632,0.07916,0.294373,1,-0.0937723,0.121569,0.049784,0.0634811,0.0691924,0.112503,0.0118575
refcull_composite,-0.00735181,0.0598564,-5.37778e-05,-0.115715,0.0115952,-0.0301359,-0.234245,-0.00640443,0.137824,-0.104809,-0.0937723,1,0.284299,0.242135,-0.107586,0.693777,0.521524,0.478493
refcull_composition,-0.023603,-0.0405296,0.0405637,0.0390074,0.00272617,-0.0842577,-0.0541362,0.0622124,0.0553134,0.0198108,0.121569,0.284299,1,0.0493619,0.0938077,-0.222464,0.165611,0.0728281
refcull_context,-0.0152008,-0.0124376,0.0105949,0.0985249,0.0155238,0.0391364,-0.0920716,0.0319607,0.0674087,0.0288114,0.049784,0.242135,0.0493619,1,0.241427,-0.0489183,-0.23839,0.0160334
refcull_exposure,0.022084,-0.0592523,-0.0281983,0.134779,-0.00255333,0.0238085,0.00592583,0.0232608,0.0370958,0.111154,0.0634811,-0.107586,0.0938077,0.241427,1,0.0899836,0.226235,-0.123162
refcull_eye,0.0105379,-0.046518,-0.00767588,0.0972078,-0.0120984,0.111864,0.118173,-0.00597769,-0.0482132,0.0947677,0.0691924,0.693777,-0.222464,-0.0489183,0.0899836,1,-0.240742,-0.154736
refcull_focus,0.0075715,-0.0295334,0.00124465,0.0550289,-0.0115329,0.00483648,0.0870687,0.00996539,-0.0657732,0.0311115,0.112503,0.521524,0.165611,-0.23839,0.226235,-0.240742,1,-0.238765
refcull_noise,0.0401076,-0.0663323,-0.0401682,0.0937418,0.0462954,-0.0964354,0.397472,-0.012924,-0.264449,0.0922305,0.0118575,0.478493,0.0728281,0.0160334,-0.123162,-0.154736,-0.238765,1
