a,b,n,pearson,spearman,kendall_tau_b,within_stack_spearman,within_stack_n,winner_agreement,winner_stacks
aesthetic,arniqa,77331,0.4543148104022947,0.38526177165415887,0.2636277509047125,0.10203123882709184,11160,0.372509098502476,11174
aesthetic,ava,77331,0.7315016838460161,0.7143179046699593,0.5300054188680621,0.4827624628666293,11074,0.5863015333214009,11174
aesthetic,clip_quality_v0,77294,0.46883315833126066,0.43481953933861406,0.29924143400293546,0.105543440580669,11171,0.3765213889386075,11174
aesthetic,general,77331,0.8500692846446534,0.8335228062199109,0.6405100358763877,0.6588697306941713,11165,0.6872725374381005,11174
aesthetic,koniq,38035,0.33536680503480226,0.5637381109267356,0.4237812161839168,0.24167853517327492,6541,0.47728299479477,6686
aesthetic,liqe,77331,0.5319554586549419,0.4675079186231851,0.3250044388605042,0.249909793408791,11151,0.4403828734126748,11174
aesthetic,paq2piq,38035,0.028508387105140753,0.3778734144193692,0.27140005129970685,0.2178906289540671,6480,0.4639715978459217,6686
aesthetic,refcull_composite,76796,0.2897524841041321,0.2582558369795587,0.17673685865775834,nan,10112,0.3482778168957762,11143
aesthetic,refcull_composition,76796,0.1161168017159248,0.08515646053584593,0.06002588630369399,nan,8996,0.3342958887560579,11143
aesthetic,refcull_context,76796,0.2380900511805649,0.1922960679202692,0.13067970623148095,nan,8644,0.3308918094954134,11143
aesthetic,refcull_exposure,76796,0.26599803425225793,0.1645409187416789,0.11345579196939402,nan,9956,0.34211749342129083,11143
aesthetic,refcull_eye,76796,0.28407579575563674,0.23679912780326626,0.16423578437343003,nan,8664,0.3431300838627384,11143
aesthetic,refcull_focus,76796,0.23767597435170576,0.15805968813504384,0.10944964947009961,nan,8770,0.3486851285121289,11143
aesthetic,refcull_noise,76796,0.10148735062202474,0.030159889574664877,0.018853439976798583,nan,7832,0.32047113568998037,11143
aesthetic,spaq,77331,0.8751488319640104,0.8717769890731205,0.6808517087222359,0.6552795141445253,11128,0.6835883897142174,11174
aesthetic,technical,77331,0.7506698634616066,0.7265455400379401,0.5302296070761867,0.4712025252575463,11170,0.5630556052741483,11174
aesthetic,topiq,77331,0.5422694773348685,0.46827994953716334,0.3259783445443767,0.18938287521373937,11152,0.40990990990990994,11174
arniqa,ava,77331,0.2753878674593704,0.1818438681225926,0.12205772202571527,0.05489766773478665,11066,0.35167949406360005,11174
arniqa,clip_quality_v0,77294,0.5099872333740608,0.46350319320903044,0.3220645840259255,0.06368130423396984,11163,0.35322325636895174,11174
arniqa,general,77331,0.6976714089909628,0.6496548236001134,0.4675807458939029,0.27993318591410987,11157,0.4635164966290794,11174
arniqa,koniq,38035,0.36911132460045715,0.33722469274809674,0.23527932711998245,0.08372944286260509,6539,0.3878673003087794,6686
arniqa,liqe,77331,0.6468568341584088,0.5871451913032725,0.4171323867845993,0.12400334185147274,11143,0.38172736359822457,11174
arniqa,paq2piq,38035,0.2911584131623686,0.41313664710807285,0.2924871792923269,0.08960932086326552,6478,0.3955450348785271,6686
arniqa,refcull_composite,76796,0.24578378313607457,0.1837842042898314,0.12582650015138,nan,10106,0.34128589893508865,11143
arniqa,refcull_composition,76796,0.006416758371245803,-0.10977028457238981,-0.07703388096254529,nan,8993,0.3309042084601084,11143
arniqa,refcull_context,76796,0.33413149576109025,0.21267452472578455,0.14645989612418928,nan,8640,0.33137308740686383,11143
arniqa,refcull_exposure,76796,0.4033589518532474,0.2173900029605808,0.14976260538644853,nan,9950,0.3367151744005567,11143
arniqa,refcull_eye,76796,0.3043496052397924,0.2226844921935492,0.15361114843253235,nan,8662,0.33864712527855034,11143
arniqa,refcull_focus,76796,0.2975936874984709,0.145723767160853,0.10183040889194649,nan,8764,0.3506211639960948,11143
arniqa,refcull_noise,76796,0.0012728489777613528,-0.09698857901117271,-0.0682917632679406,nan,7831,0.321772808133139,11143
arniqa,spaq,77331,0.42864312390679254,0.3319500578046054,0.22607730951702473,0.09161032040830676,11120,0.36768390907463755,11174
arniqa,technical,77331,0.7928971345788063,0.759995830503951,0.5672511220948776,0.47998918287335113,11162,0.5770911640116938,11174
arniqa,topiq,77331,0.6732454879497336,0.5745814726803316,0.40507639783301674,0.1709627515723257,11145,0.402317880794702,11174
ava,clip_quality_v0,77294,0.29461318539027787,0.2493501444270804,0.1682634900244056,0.07937756325895179,11077,0.3647082512976553,11174
ava,general,77331,0.4997273677371201,0.46457194196670054,0.323532824088476,0.24991394337988687,11071,0.4429106258576458,11174
ava,koniq,38035,0.05998480996296751,0.09354040880275213,0.06617988782014196,0.15110490735231383,6475,0.42969599708811934,6686
ava,liqe,77331,0.33578101573495783,0.2558391913365916,0.17402671530642022,0.0973411331017369,11057,0.37002310967542756,11174
ava,paq2piq,38035,-0.06035327558241735,-0.08930878819730732,-0.05934757331898503,0.1017374864962486,6414,0.40717381142653786,6686
ava,refcull_composite,76796,0.3620641588518571,0.3298445037649218,0.22807649208259126,nan,10036,0.34644346937872283,11143
ava,refcull_composition,76796,0.3008291978448459,0.2835469959603058,0.19807470797314003,nan,8939,0.33736458160757415,11143
ava,refcull_context,76796,0.28689198833239615,0.24946109961813134,0.1702422006401305,nan,8586,0.3345673672485842,11143
ava,refcull_exposure,76796,0.17946681344092205,0.042843214732805245,0.030117483453666084,nan,9883,0.33077475910673565,11143
ava,refcull_eye,76796,0.2591767310814986,0.2050139055541148,0.14256989204582926,nan,8607,0.3418367330091255,11143
ava,refcull_focus,76796,0.23504315657317318,0.16167800874057253,0.11137395620415415,nan,8711,0.3436618640526224,11143
ava,refcull_noise,76796,0.20221889728842563,0.16266982962558899,0.11065821441419864,nan,7786,0.33694594922103527,11143
ava,spaq,77331,0.3575681850940563,0.3328017870425186,0.2242535551024218,0.07572501033616356,11035,0.3656479327009128,11174
ava,technical,77331,0.3581448271987597,0.31531250636325747,0.21461507205047928,0.10880257460060783,11076,0.3749179643219378,11174
ava,topiq,77331,0.3099617455366293,0.20104278633402453,0.13631218307281887,0.09362148526932923,11059,0.3645963844639341,11174
clip_quality_v0,general,77294,0.628980351775348,0.6161893353011545,0.44103040213191097,0.1555649780635346,11168,0.39412922856631466,11174
clip_quality_v0,koniq,38035,0.2291462901185686,0.24626869506218393,0.16917910428072266,0.0634225310006185,6543,0.3851127883933342,6686
clip_quality_v0,liqe,77294,0.6134468631730575,0.6182757556742613,0.44132357408032186,0.16213285585224585,11154,0.3975609274450334,11174
clip_quality_v0,paq2piq,38035,0.16724547408731294,0.32192218792256183,0.2212831057703743,0.07538426846971029,6482,0.3870945413098762,6686
clip_quality_v0,refcull_composite,76781,0.19318503999234984,0.1699482908518892,0.1157244721403804,nan,10114,0.34142757279412844,11143
clip_quality_v0,refcull_composition,76781,-0.07140034847530444,-0.10835234482088041,-0.07657593086057758,nan,8998,0.3266111807102547,11143
clip_quality_v0,refcull_context,76781,0.22464394966630524,0.14549023089996202,0.09929510819146811,nan,8644,0.3291248343486852,11143
clip_quality_v0,refcull_exposure,76781,0.2852672628719866,0.20422077740876932,0.14024419739400307,nan,9957,0.3407170105593524,11143
clip_quality_v0,refcull_eye,76781,0.28719724123031143,0.24435827464641124,0.16904236032888387,nan,8665,0.34030308828732786,11143
clip_quality_v0,refcull_focus,76781,0.2042142067345261,0.13893700188680613,0.096637708868845,nan,8771,0.34160113281569043,11143
clip_quality_v0,refcull_noise,76781,-0.05333012190007365,-0.09519532666893517,-0.06582273449740812,nan,7833,0.3228556044213356,11143
clip_quality_v0,spaq,77294,0.39279668881902774,0.3486647876964187,0.2376073830620463,0.06338900142968693,11131,0.3551249925422111,11174
clip_quality_v0,technical,77294,0.6100757235277204,0.5952846211731841,0.4244510341004176,0.14000442588427114,11173,0.3886701270807231,11174
clip_quality_v0,topiq,77294,0.47560069273134986,0.4601390576840904,0.3184646902063941,0.12799786609503258,11155,0.3846727522224211,11174
general,koniq,38035,0.42343700981180005,0.5571435234193105,0.41037517636992216,0.23752420550049047,6540,0.4719733926410159,6686
general,liqe,77331,0.8620687714742638,0.8361262996626099,0.6436993320932627,0.5663671934882974,11148,0.6186762329974251,11174
general,paq2piq,38035,0.19375837756575065,0.5151037430748743,0.3742304871141999,0.23930262925749762,6479,0.475288778023407,6686
general,refcull_composite,76796,0.33560076609229494,0.3006891233308428,0.2072644542334368,nan,10110,0.3602532977442101,11143
general,refcull_composition,76796,0.0547613593606334,-0.00975809949676006,-0.006862555942923305,nan,8992,0.32927204403251975,11143
general,refcull_context,76796,0.2933450658074977,0.21993844413482616,0.14982065550128537,nan,8639,0.33052907457062164,11143
general,refcull_exposure,76796,0.37737697035375584,0.26242399269746086,0.18196226851172215,nan,9954,0.3460450099105053,11143
general,refcull_eye,76796,0.3557851029414687,0.3082243177410646,0.21578342764181477,nan,8660,0.34959241198103885,11143
general,refcull_focus,76796,0.3442168579869646,0.23990295155642272,0.1667146998951556,nan,8768,0.36539614888042804,11143
general,refcull_noise,76796,0.05356123804610465,-0.03322896306623803,-0.025523676519269668,nan,7830,0.3146892378103156,11143
general,spaq,77331,0.7680816396831338,0.7361745703688599,0.5398324797146288,0.5389470322276202,11125,0.6106362985502058,11174
general,technical,77331,0.9673552479723627,0.9610295667114399,0.8302659763648917,0.7716278626101107,11167,0.7767137998926078,11174
general,topiq,77331,0.7894471238090766,0.7436103846277693,0.5538751099618403,0.39221405935687975,11149,0.514169798938011,11174
koniq,liqe,38035,0.38131724427873837,0.38407343809952393,0.2675173587164175,0.13810537767154737,6543,0.4218811601153404,6686
koniq,paq2piq,38035,0.8171263076584485,0.5892858228298982,0.42268465977967923,0.2430559753970126,6443,0.4717615071090586,6686
koniq,refcull_composite,38033,0.043315291148838586,-0.02587718196944821,-0.014581602349693601,nan,5863,0.36868932060442977,6686
koniq,refcull_composition,38033,0.04007889458946358,-0.14874155721630872,-0.1056484291262926,nan,4990,0.35874527062708395,6686
koniq,refcull_context,38033,0.08121716466965911,-0.06974741265087622,-0.04856778427342947,nan,4871,0.35327800208133076,6686
koniq,refcull_exposure,38033,0.2879650272977198,0.14598357645202914,0.10060422993249808,nan,5803,0.369443067940245,6686
koniq,refcull_eye,38033,0.1787769586573436,0.10363541521752545,0.07184842668288643,nan,4632,0.3622214436281352,6686
koniq,refcull_focus,38033,0.17785946064967253,0.07316714102601028,0.051652948486486876,nan,4950,0.37286594869613654,6686
koniq,refcull_noise,38033,0.2362459064135382,0.23266908293034802,0.16078544170507855,nan,4541,0.3521576194376593,6686
koniq,spaq,38035,0.41653238437400725,0.5595385675690289,0.4113288958819249,0.22040026464290863,6514,0.4659782784721057,6686
koniq,technical,38035,0.44569978615882894,0.5556086820609195,0.4063649784400077,0.2223914395837245,6543,0.4644950797484045,6686
koniq,topiq,38035,0.4696832654190837,0.4471464688575182,0.31496388164244776,0.16143257035017916,6536,0.4355041534347142,6686
liqe,paq2piq,38035,0.2806765607582603,0.4218608638780061,0.29630706470734913,0.17122981520856775,6482,0.4338339968886976,6686
liqe,refcull_composite,76796,0.36616983173012907,0.33104547538246476,0.22975253442918522,nan,10097,0.3512883193379945,11143
liqe,refcull_composition,76796,0.10488440027619066,0.010606605529108928,0.007550877087703599,nan,8980,0.32990608148788003,11143
liqe,refcull_context,76796,0.32206396140261373,0.21581257493215844,0.14700269994168563,nan,8626,0.33354366567339966,11143
liqe,refcull_exposure,76796,0.41372123008062217,0.28816127840895067,0.19999054736470223,nan,9942,0.3474159037834183,11143
liqe,refcull_eye,76796,0.36203547459106733,0.31525875683549737,0.21961061310983102,nan,8647,0.3492579789467045,11143
liqe,refcull_focus,76796,0.3911689799284362,0.28509814996672006,0.1987289692967545,nan,8755,0.36275871003221266,11143
liqe,refcull_noise,76796,0.06550018722970348,-0.010019466820942013,-0.007514853249941829,nan,7821,0.3170391662132792,11143
liqe,spaq,77331,0.41358071695734017,0.32279050764557354,0.2202311645091992,0.1395302542690153,11111,0.38933430829126187,11174
liqe,technical,77331,0.8269620337235494,0.7951444552797081,0.6022569767526383,0.4318889902660497,11153,0.5388972818608581,11174
liqe,topiq,77331,0.7359350912070102,0.6623098591424909,0.48034895630478647,0.2658932898561999,11135,0.4477041169921965,11174
paq2piq,refcull_composite,38033,0.08588460654964783,-0.009340630155447475,-0.005498148246716026,nan,5811,0.36241539198156303,6686
paq2piq,refcull_composition,38033,0.1317184652693612,-0.1118727239128788,-0.08051453778551831,nan,4943,0.35590725088433783,6686
paq2piq,refcull_context,38033,0.15963549939533125,0.008037272946848454,0.005115367436553429,nan,4824,0.34975898271202716,6686
paq2piq,refcull_exposure,38033,0.32216830978402194,0.23851689945095692,0.16512668191660076,nan,5746,0.3682413651494007,6686
paq2piq,refcull_eye,38033,0.16909656166333126,0.059673713259494575,0.04221137623279841,nan,4601,0.3594513222183189,6686
paq2piq,refcull_focus,38033,0.18832251099705238,0.11096729661268107,0.07869924072668637,nan,4906,0.3736315183567977,6686
paq2piq,refcull_noise,38033,0.08228511834300567,-0.025635286387869823,-0.018630199592878666,nan,4510,0.34001426133229956,6686
paq2piq,spaq,38035,0.15815263005679095,0.4344007108575953,0.310574659051667,0.21664378771054407,6454,0.45886141736930386,6686
paq2piq,technical,38035,0.239608050376911,0.5600211657217263,0.4085481471491908,0.22831219511516035,6482,0.46893221206468727,6686
paq2piq,topiq,38035,0.36487696165424377,0.4846694417457169,0.34218603975317113,0.1761952213494662,6475,0.43670068349753205,6686
refcull_composite,refcull_composition,76796,0.5329444962685574,0.5768339023715096,0.41566095767477873,nan,8651,0.431375303636618,11143
refcull_composite,refcull_context,76796,0.4325473632828296,0.46231736131224144,0.31516857294253015,nan,8319,0.366754495481409,11143
refcull_composite,refcull_exposure,76796,0.24179666894726076,0.11052989727068056,0.08763291117823455,nan,9245,0.393944822270513,11143
refcull_composite,refcull_eye,76796,0.7151036035429762,0.7330274594678229,0.5356197377960169,nan,8345,0.5360182925139874,11143
refcull_composite,refcull_focus,76796,0.628251048264013,0.6002973812195306,0.4303578950189036,nan,8415,0.5276251599024195,11143
refcull_composite,refcull_noise,76796,0.4837865066444972,0.42218113261786316,0.2921029469200379,nan,7455,0.3744661119767725,11143
refcull_composite,spaq,76796,0.138370212364265,0.08344714830635488,0.056381829880550016,nan,10080,0.34222540485081276,11143
refcull_composite,technical,76796,0.293614801155989,0.25049511744235164,0.17280096588577917,nan,10113,0.363336840832689,11143
refcull_composite,topiq,76796,0.3037037912298958,0.23456542491904664,0.16280462563946643,nan,10100,0.3720495975022445,11143
refcull_composition,refcull_context,76796,0.26041599776377,0.2373118002510339,0.16585585261476268,nan,8272,0.3335604329314011,11143
refcull_composition,refcull_exposure,76796,0.1762033104331407,-0.12472771657358304,-0.08909657179598657,nan,8206,0.3246574296132747,11143
refcull_composition,refcull_eye,76796,0.19236976943719095,0.21540504349041015,0.15261324657747408,nan,7847,0.34389835816140957,11143
refcull_composition,refcull_focus,76796,0.4417224833577808,0.35818107332134985,0.2504898765119738,nan,7920,0.37031185067774375,11143
refcull_composition,refcull_noise,76796,0.37393022405217585,0.41109636085139956,0.3059124240231088,nan,6806,0.3498359580498018,11143
refcull_composition,spaq,76796,0.006787179650810414,-0.06816282751535327,-0.048712451280082204,nan,8973,0.3291578848273334,11143
refcull_composition,technical,76796,0.0059360583052244665,-0.07496272395625381,-0.05392444039720239,nan,8997,0.3309543586467199,11143
refcull_composition,topiq,76796,0.1370053098675824,-0.03143850495790768,-0.023837812429798294,nan,8984,0.3300879523755752,11143
refcull_context,refcull_exposure,76796,0.3449111570653324,0.0690999400248101,0.04691136089248411,nan,7913,0.3441054519395907,11143
refcull_context,refcull_eye,76796,0.34071725444078144,0.33903875330443406,0.23951714248066622,nan,7502,0.3636813206765604,11143
refcull_context,refcull_focus,76796,0.2046353337368413,0.09175679697336536,0.06420932691438502,nan,7623,0.33151855064526975,11143
refcull_context,refcull_noise,76796,0.17883876052683711,0.2019043091197481,0.1397717840386086,nan,6627,0.3630239199401419,11143
refcull_context,spaq,76796,0.14741787668064926,0.06765057253317405,0.04625867289516651,nan,8620,0.3317984047912586,11143
refcull_context,technical,76796,0.2807989406747772,0.19671507251418985,0.13442268435513527,nan,8643,0.3323635887357469,11143
refcull_context,topiq,76796,0.28603848704279994,0.16116390499712316,0.11004856130044294,nan,8633,0.3329868681057731,11143
refcull_exposure,refcull_eye,76796,0.2509734448295835,0.07405441077323645,0.05403184336852396,nan,7960,0.32592465748848726,11143
refcull_exposure,refcull_focus,76796,0.40224754882244246,0.1992873037564215,0.14011746962388993,nan,8007,0.3727325595001835,11143
refcull_exposure,refcull_noise,76796,-0.08866416479483938,-0.23905113328825736,-0.17064677334309092,nan,7301,0.30071539438581,11143
refcull_exposure,spaq,76796,0.2773151365211235,0.156067351410608,0.10753624504290508,nan,9923,0.33697174660476414,11143
refcull_exposure,technical,76796,0.3833973384947674,0.25978956160779176,0.18014075593712506,nan,9956,0.3476999662298249,11143
refcull_exposure,topiq,76796,0.3927163709312623,0.20923920970554902,0.14462177790668562,nan,9941,0.34701037126475315,11143
refcull_eye,refcull_focus,76796,0.33917079271982903,0.2770527980165496,0.19742376683052942,nan,7401,0.3850994996808102,11143
refcull_eye,refcull_noise,76796,0.25669363701300557,0.2444522133264027,0.16798542837310085,nan,6478,0.33859069518738055,11143
refcull_eye,spaq,76796,0.20455907801624218,0.1413894318919197,0.09772522374202659,nan,8637,0.3380459221600718,11143
refcull_eye,technical,76796,0.3368953476027124,0.28521951703753085,0.1990805329571465,nan,8664,0.3567531587148359,11143
refcull_eye,topiq,76796,0.30775099539063144,0.23323784944556666,0.16271160399582105,nan,8655,0.35437419413538673,11143
refcull_focus,refcull_noise,76796,0.15888110265245073,0.09843060207122226,0.06691563378203995,nan,6522,0.30192296557887627,11143
refcull_focus,spaq,76796,0.17356744945103622,0.06548343736644276,0.04467738698149927,nan,8747,0.34168320234721944,11143
refcull_focus,technical,76796,0.3444875996037794,0.2273674654946836,0.15810161248488303,nan,8770,0.36996157169521365,11143
refcull_focus,topiq,76796,0.4216674248573144,0.27474697403711557,0.1910910399253011,nan,8759,0.38633417537795733,11143
refcull_noise,spaq,76796,0.027856385291895873,-0.05720327911997759,-0.0407401594687485,nan,7812,0.32050019762821974,11143
refcull_noise,technical,76796,0.014852822233675294,-0.08326580188321824,-0.06059060335245416,nan,7833,0.31270644680285997,11143
refcull_noise,topiq,76796,0.058232377960547727,-0.06964123271941998,-0.05039639418546532,nan,7821,0.3045288944169785,11143
spaq,technical,77331,0.7344192849750721,0.6981144283551353,0.5062210328144996,0.4712041620325072,11130,0.5645769942127559,11174
spaq,topiq,77331,0.5291548511136649,0.4346315390192592,0.30175892881775307,0.14919747316638812,11113,0.39691844162042833,11174
technical,topiq,77331,0.8631592167747478,0.8425543176124081,0.6555387863049897,0.5235378394310547,11154,0.5899707654674542,11174
