model,n,coverage_pct,median,iqr,distinct,complete_stacks,top_tie_pct,median_within_stack_sd
aesthetic,77331,100.0,0.5996,0.27430000000000004,8754,11174,0.1968856273492035,0.030979029569883264
arniqa,77331,100.0,0.6588,0.07009999999999994,4029,11174,0.7696438160014318,0.013431817410670725
ava,77331,100.0,0.41,0.067,462,11174,3.8571684267048503,0.009500000000000008
clip_quality_v0,77294,99.9521537287763,0.5117182731628418,0.17452261596918106,74280,11174,0.0,0.02899536065826642
general,77331,100.0,0.6517,0.23940000000000006,8580,11174,0.1700375872561303,0.025484394724196998
koniq,38035,49.18467367549883,0.517,0.13799999999999996,543,6686,3.7092431947352678,0.014500000000000013
liqe,77331,100.0,0.7642526626586914,0.2708613872528076,61417,11174,0.9754787900483265,0.02584671974182129
paq2piq,38035,49.18467367549883,0.691,0.06099999999999994,341,6686,5.967693688303918,0.007499999999999951
refcull_composite,76796,99.3081687809546,0.582,0.17720000000000002,74,11143,23.674055460827425,0.02197828473744026
refcull_composition,76796,99.3081687809546,0.5774,0.14239999999999997,85,11143,31.06883245086601,0.017800000000000038
refcull_context,76796,99.3081687809546,0.6031,0.11670000000000003,75,11143,39.53154446737862,0.014029611541307899
refcull_exposure,76796,99.3081687809546,0.6018,0.12749999999999995,58,11143,24.741990487301447,0.02274999999999999
refcull_eye,76796,99.3081687809546,0.56,0.14180000000000004,89,11143,37.66490173202908,0.029085658932806645
refcull_focus,76796,99.3081687809546,0.5837,0.1785,72,11143,39.28026563762003,0.023146393027944582
refcull_noise,76796,99.3081687809546,0.6105,0.16189999999999993,85,11143,53.199317957462085,0.009699999999999986
spaq,77331,100.0,0.605,0.19699999999999995,702,11174,1.9330588867012708,0.022688944213435622
technical,77331,100.0,0.6802,0.2288,8692,11174,0.10739216037229282,0.026421893639619984
topiq,77331,100.0,0.6084,0.08299999999999996,4508,11174,0.9486307499552532,0.01190987221714123
