composite,model,affects,weight_share,n,spearman,mean_abs_shift,top_overlap,best_frame_change,stacks,rating_change,label_change
general,arniqa,general,0.1,77331,0.995832,0.0135149,0.925912,0.103812,11174,0.0677219,0
general,ava,general,0.12,77331,0.989245,0.0275451,0.841091,0.109361,11174,0.143461,0
general,liqe,general,0.35,77331,0.896392,0.0603615,0.724722,0.244854,11174,0.28991,0
general,spaq,general,0.3,77331,0.914077,0.0569039,0.752004,0.277967,11174,0.275439,0
general,topiq,general,0.13,77331,0.994418,0.0151489,0.922291,0.0967424,11174,0.0757135,0
technical,arniqa,technical,0.25,77331,0.973169,0.0327834,0.80993,0.233936,11174,0,0.0905588
technical,liqe,technical,0.2,77331,0.97026,0.0301322,0.847686,0.135404,11174,0,0.0821533
technical,spaq,technical,0.25,77331,0.935818,0.0462133,0.750582,0.228029,11174,0,0.144677
technical,topiq,technical,0.3,77331,0.968514,0.0335238,0.806181,0.195096,11174,0,0.0991194
aesthetic,ava,aesthetic,0.4,77331,0.895504,0.0972071,0.502069,0.293181,11174,0,0.125551
aesthetic,liqe,aesthetic,0.1,77331,0.992331,0.0210106,0.909491,0.0655092,11174,0,0.0253715
aesthetic,spaq,aesthetic,0.5,77331,0.763737,0.11486,0.663176,0.380437,11174,0,0.182049
everywhere,arniqa,general;technical,,77331,0.973169,0.0135149,0.925912,0.103812,11174,0.0677219,0.0905588
everywhere,ava,general;aesthetic,,77331,0.895504,0.0275451,0.841091,0.109361,11174,0.143461,0.125551
everywhere,liqe,general;technical;aesthetic,,77331,0.896392,0.0603615,0.724722,0.244854,11174,0.28991,0.109064
everywhere,spaq,general;technical;aesthetic,,77331,0.763737,0.0569039,0.752004,0.277967,11174,0.275439,0.297617
everywhere,topiq,general;technical,,77331,0.968514,0.0151489,0.922291,0.0967424,11174,0.0757135,0.0991194
