dimension,role,n,missing_pct,mean,median,std,iqr,skewness,unique,tie_fraction,floor_pct,ceiling_pct,two_decimal_grid_pct,entropy_norm,bimodal_hint
general,composite,77331,0,0.634048,0.6517,0.180566,0.2394,-0.631504,8580,0.889048,0,0,1.00736,0.909992,False
technical,composite,77331,0,0.654706,0.6802,0.18077,0.2288,-0.788495,8692,0.8876,0,0.0103451,0.962098,0.905734,False
aesthetic,composite,77331,0,0.588793,0.5996,0.186268,0.2743,-0.289224,8754,0.886798,0,0.018104,1.01124,0.925632,False
arniqa,candidate,77331,0,0.649084,0.6588,0.0640907,0.0701,-1.52022,4029,0.947899,0,0,2.89017,0.629517,False
ava,candidate,77331,0,0.411656,0.41,0.052724,0.067,-0.0465193,462,0.994026,0,0,10.1137,0.608078,False
clip_quality_v0,culling_candidate,77294,0.048,0.509518,0.511718,0.127883,0.174523,-0.106342,74280,0.038994,0,0,0.108676,0.835802,False
koniq,legacy,38035,50.815,0.495696,0.517,0.131938,0.138,-1.88029,543,0.985724,3.68871,0,13.2904,0.757111,True
liqe,candidate,77331,0,0.754547,0.764253,0.187814,0.270861,-0.939513,61417,0.205791,0,0.218541,2.3199,0.865373,False
paq2piq,legacy,38035,50.815,0.658658,0.691,0.136629,0.061,-4.10986,341,0.991035,3.68871,0,13.2168,0.571985,True
spaq,candidate,77331,0,0.581038,0.605,0.132053,0.197,-0.731352,702,0.990922,0,0,10.0529,0.815069,False
topiq,candidate,77331,0,0.597584,0.6084,0.0767977,0.083,-1.8555,4508,0.941705,0,0,2.85138,0.666911,False
refcull_composite,research_family,76796,0.692,0.582391,0.582,0.113873,0.1772,-0.184753,74,0.999036,0,0,0,0.774269,False
refcull_composition,research_family,76796,0.692,0.582461,0.5774,0.113768,0.1424,-0.532752,85,0.998893,0,0,0.0755248,0.727715,False
refcull_context,research_family,76796,0.692,0.582419,0.6031,0.113757,0.1167,-1.30917,75,0.999023,0,0,0,0.711086,False
refcull_exposure,research_family,76796,0.692,0.583193,0.6018,0.109543,0.1275,-2.08259,58,0.999245,1.34382,0,4.46117,0.696127,False
refcull_eye,research_family,76796,0.692,0.582385,0.56,0.113872,0.1418,0.248056,89,0.998841,0,0,6.02115,0.73445,False
refcull_focus,research_family,76796,0.692,0.58242,0.5837,0.11376,0.1785,-0.6812,72,0.999062,0,0,0,0.696122,False
refcull_noise,research_family,76796,0.692,0.582358,0.6105,0.113917,0.1619,-0.887829,85,0.998893,0,0,1.31127,0.744168,False
