dimension,stacks,images,within_std_mean,within_range_mean,within_share,tie_rate,top_gap_mean,top_gap_z,pick_auc,pick_pairs,reject_auc,reject_pairs,pick_top1_rate,pick_stacks,best_match_rate,best_stacks,role,consensus_kendall_tau_b,consensus_kendall_tau_b_ci,consensus_top1_agreement,consensus_top_tied_rate,consensus_stacks_defined
general,11174,66308,0.0324582,0.0843894,0.0662803,0.00107692,0.0366948,1.27143,0.814934,321151,0.802754,346864,0.661718,5321,0.958072,11162,composite,,,,,
technical,11174,66308,0.033304,0.0867401,0.0699581,0.000991877,0.0376127,1.26861,0.776926,321151,0.767861,346864,0.633715,5321,0.746909,11162,composite,,,,,
aesthetic,11174,66308,0.0367228,0.0958128,0.073559,0.000850408,0.0423547,1.28648,0.758089,321151,0.74411,346864,0.614734,5321,0.692707,11162,composite,,,,,
arniqa,11174,66308,0.0151128,0.0396477,0.0993179,0.00574462,0.0176185,1.29266,0.631278,321151,0.618571,346864,0.523962,5321,0.450457,11162,candidate,0.136443,"(0.1287679145995002, 0.15002861050139302)",0.412654,0.00769644,11061
ava,11174,66308,0.0108477,0.0286682,0.0836583,0.0210647,0.0126827,1.30662,0.641862,321151,0.633754,346864,0.539936,5321,0.457624,11162,candidate,0.100476,"(0.08938832488289739, 0.11168654107142637)",0.396546,0.0385717,11007
clip_quality_v0,11174,66308,0.0317532,0.0828437,0.103968,1.43059e-05,0.0373041,1.30361,0.596554,321151,0.607049,346864,0.542191,5321,0.393657,11162,culling_candidate,0.132772,"(0.1191023327485472, 0.14157362480487562)",0.408538,0,11073
koniq,6711,30531,0.0180865,0.0446072,0.0314274,0.131535,0.0227059,1.38949,0.539174,66601,0.537933,65616,0.501823,2742,0.470993,6688,legacy,,,,,
liqe,11174,66308,0.0331528,0.0856777,0.065231,0.00417733,0.0373214,1.25078,0.7077,321151,0.687105,346864,0.605149,5321,0.618169,11162,candidate,0.225745,"(0.21467113845911173, 0.2386060458098546)",0.462413,0.00975479,11067
paq2piq,6711,30531,0.00991463,0.0247066,0.0102307,0.139212,0.0120034,1.35904,0.518686,66601,0.517892,65616,0.488694,2742,0.47503,6688,legacy,,,,,
spaq,11174,66308,0.027605,0.0714906,0.080993,0.0131456,0.0315712,1.2714,0.695914,321151,0.685924,346864,0.579778,5321,0.602132,11162,candidate,0.136906,"(0.12542828552415183, 0.1465349869733799)",0.414981,0.0193306,11047
topiq,11174,66308,0.0151434,0.0396294,0.0866988,0.0053218,0.0168458,1.26731,0.662846,321151,0.65402,346864,0.570006,5321,0.502598,11162,candidate,0.233012,"(0.22105150526437137, 0.24125181119163647)",0.46823,0.00948631,11045
refcull_composite,11146,65800,0.0292539,0.0746077,0.175186,0.0909769,0.0328782,1.2296,0.532945,317206,0.538146,341606,0.498395,5295,0.361685,11134,research_family,,,,,
refcull_composition,11146,65800,0.029863,0.0758005,0.208937,0.126932,0.0324528,1.21349,0.481544,317206,0.48838,341606,0.466289,5295,0.327106,11134,research_family,,,,,
refcull_context,11146,65800,0.0271377,0.0678644,0.203838,0.149482,0.0281125,1.14877,0.515249,317206,0.513595,341606,0.467611,5295,0.329441,11134,research_family,,,,,
refcull_exposure,11146,65800,0.0306252,0.0775463,0.196765,0.143299,0.0339609,1.23922,0.524859,317206,0.519436,341606,0.48272,5295,0.347764,11134,research_family,,,,,
refcull_eye,11146,65800,0.0360955,0.0910023,0.251176,0.135247,0.0386452,1.15383,0.522804,317206,0.520213,341606,0.483097,5295,0.352165,11134,research_family,,,,,
refcull_focus,11146,65800,0.0351776,0.0888339,0.288556,0.12979,0.0349631,1.11868,0.536911,317206,0.545664,341606,0.487441,5295,0.365816,11134,research_family,,,,,
refcull_noise,11146,65800,0.0240288,0.058719,0.180036,0.254507,0.0253292,1.05849,0.490449,317206,0.499554,341606,0.44136,5295,0.322346,11134,research_family,,,,,
