dimension,general,technical,aesthetic,arniqa,ava,clip_quality_v0,liqe,spaq,topiq
general,1.0,0.9610295667114399,0.8335228062199109,0.6496548236001134,0.4645719419667005,0.6161893353011545,0.8361262996626099,0.7361745703688599,0.7436103846277693
technical,0.9610295667114399,1.0,0.7265455400379401,0.7599958305039509,0.31531250636325747,0.5952846211731841,0.7951444552797081,0.6981144283551354,0.8425543176124081
aesthetic,0.8335228062199109,0.7265455400379401,1.0,0.38526177165415887,0.7143179046699593,0.43481953933861406,0.4675079186231851,0.8717769890731205,0.46827994953716334
arniqa,0.6496548236001134,0.7599958305039509,0.38526177165415887,1.0,0.18183946297986073,0.46350319320903044,0.5871376121844017,0.33194231573482685,0.5745756580197455
ava,0.4645719419667005,0.31531250636325747,0.7143179046699593,0.18183946297986073,1.0,0.2493501444270804,0.25584964375473335,0.33281583880817683,0.2010505549595581
clip_quality_v0,0.6161893353011545,0.5952846211731841,0.43481953933861406,0.46350319320903044,0.2493501444270804,1.0,0.6182757556742613,0.3486647876964187,0.4601390576840904
liqe,0.8361262996626099,0.7951444552797081,0.4675079186231851,0.5871376121844017,0.25584964375473335,0.6182757556742613,1.0,0.3227982698923655,0.6623099492240738
spaq,0.7361745703688599,0.6981144283551354,0.8717769890731205,0.33194231573482685,0.33281583880817683,0.3486647876964187,0.3227982698923655,1.0,0.4346361757522979
topiq,0.7436103846277693,0.8425543176124081,0.46827994953716334,0.5745756580197455,0.2010505549595581,0.4601390576840904,0.6623099492240738,0.4346361757522979,1.0
