dimension,label,kind,count,coverage_pct,mean,median,mode,min,max,range,q1,q3,iqr,variance,std,skewness,kurtosis,whisker_lo,whisker_hi,outliers
general,General,composite,77331,98.02,0.6340475785907334,0.6517,0.675,0.0391,0.9999,0.9608,0.5273,0.7667,0.23940000000000006,0.032603938671331836,0.1805656076647262,-0.6315041839975076,0.2482041623519815,0.1683,0.9999,1288
technical,Technical,composite,77331,98.02,0.6547059109542097,0.6802,0.715,0.0313,1.0,0.9687,0.5551,0.7839,0.2288,0.03267784364474464,0.18077014035715255,-0.7884950745168172,0.5346005309989925,0.2121,1.0,1839
aesthetic,Aesthetic,composite,77331,98.02,0.5887926071045247,0.5996,0.645,0.0162,1.0,0.9838,0.4573,0.7316,0.27430000000000004,0.03469578300974372,0.18626804076315326,-0.2892236781504296,-0.4397679134151118,0.0471,1.0,14
arniqa,ARNIQA,model,77333,98.03,0.6490840313966871,0.6588,0.665,0.1557,0.827,0.6713,0.6208,0.6909,0.07009999999999994,0.004107512286380434,0.06408987662946804,-1.5202475057570335,4.490927511461884,0.5157,0.7955,2933
ava,AVA,model,77333,98.03,0.41165636920848797,0.41,0.405,0.136,0.62,0.484,0.377,0.444,0.067,0.0027797775869671847,0.052723596111866125,-0.04656100339348329,1.044136284819647,0.277,0.544,1264
clip_quality_v0,CLIP Quality,model,77294,97.98,0.5095181930363433,0.5117182731628418,0.515,0.07134311646223068,0.8804001808166504,0.8090570643544197,0.42446324974298477,0.5989858657121658,0.17452261596918106,0.01635400004113419,0.12788275896747844,-0.10634174946021893,-0.13743111083890458,0.16333697736263275,0.8607179522514343,358
liqe,LIQE,model,77333,98.03,0.7545496348729059,0.7642866373062134,0.995,0.00047147274017333984,1.0,0.9995285272598267,0.6442122459411621,0.9150607585906982,0.27084851264953613,0.03527355090867238,0.18781254193656072,-0.9395519827180924,1.4179655668499134,0.238,1.0,1166
spaq,SPAQ,model,77333,98.03,0.5810404872434795,0.605,0.685,0.094,0.802,0.7080000000000001,0.492,0.689,0.19699999999999995,0.017437912044618534,0.13205268662400826,-0.7313907624471514,0.01627684838027532,0.197,0.802,596
topiq,TOPIQ-NR,model,77333,98.03,0.5975849107108221,0.6084,0.635,0.0331,0.7978,0.7646999999999999,0.5645,0.6475,0.08299999999999996,0.00589775724981002,0.07679685703080576,-1.8555424264569595,6.815573642517368,0.4401,0.7719,2691
