dimension,bin,lo,hi,count
general,0,0.0,0.02,0
general,1,0.02,0.04,3
general,2,0.04,0.06,232
general,3,0.06,0.08,311
general,4,0.08,0.1,168
general,5,0.1,0.12000000000000001,164
general,6,0.12,0.13999999999999999,173
general,7,0.14,0.16,151
general,8,0.16,0.18,208
general,9,0.18,0.19999999999999998,249
general,10,0.2,0.22,364
general,11,0.22,0.24,411
general,12,0.24,0.26,506
general,13,0.26,0.28,487
general,14,0.28,0.30000000000000004,537
general,15,0.3,0.32,608
general,16,0.32,0.34,718
general,17,0.34,0.36000000000000004,790
general,18,0.36,0.38,938
general,19,0.38,0.4,1129
general,20,0.4,0.42000000000000004,1299
general,21,0.42,0.44,1397
general,22,0.44,0.46,1579
general,23,0.46,0.48000000000000004,1818
general,24,0.48,0.5,1973
general,25,0.5,0.52,2268
general,26,0.52,0.54,2433
general,27,0.54,0.56,2814
general,28,0.56,0.5800000000000001,2916
general,29,0.58,0.6,3284
general,30,0.6,0.62,3297
general,31,0.62,0.64,3393
general,32,0.64,0.66,3456
general,33,0.66,0.68,3593
general,34,0.68,0.7000000000000001,3492
general,35,0.7000000000000001,0.7200000000000001,3437
general,36,0.72,0.74,3278
general,37,0.74,0.76,3103
general,38,0.76,0.78,2941
general,39,0.78,0.8,2638
general,40,0.8,0.8200000000000001,2616
general,41,0.8200000000000001,0.8400000000000001,2430
general,42,0.84,0.86,2301
general,43,0.86,0.88,2123
general,44,0.88,0.9,1903
general,45,0.9,0.92,1543
general,46,0.92,0.9400000000000001,1048
general,47,0.9400000000000001,0.9600000000000001,547
general,48,0.96,0.98,213
general,49,0.98,1.0,51
technical,0,0.0,0.02,0
technical,1,0.02,0.04,2
technical,2,0.04,0.06,44
technical,3,0.06,0.08,442
technical,4,0.08,0.1,213
technical,5,0.1,0.12000000000000001,247
technical,6,0.12,0.13999999999999999,172
technical,7,0.14,0.16,153
technical,8,0.16,0.18,204
technical,9,0.18,0.19999999999999998,198
technical,10,0.2,0.22,260
technical,11,0.22,0.24,353
technical,12,0.24,0.26,416
technical,13,0.26,0.28,511
technical,14,0.28,0.30000000000000004,554
technical,15,0.3,0.32,548
technical,16,0.32,0.34,656
technical,17,0.34,0.36000000000000004,724
technical,18,0.36,0.38,807
technical,19,0.38,0.4,926
technical,20,0.4,0.42000000000000004,1039
technical,21,0.42,0.44,1054
technical,22,0.44,0.46,1203
technical,23,0.46,0.48000000000000004,1477
technical,24,0.48,0.5,1603
technical,25,0.5,0.52,1813
technical,26,0.52,0.54,2062
technical,27,0.54,0.56,2241
technical,28,0.56,0.5800000000000001,2501
technical,29,0.58,0.6,2782
technical,30,0.6,0.62,3032
technical,31,0.62,0.64,3165
technical,32,0.64,0.66,3613
technical,33,0.66,0.68,3617
technical,34,0.68,0.7000000000000001,3645
technical,35,0.7000000000000001,0.7200000000000001,3941
technical,36,0.72,0.74,3819
technical,37,0.74,0.76,3701
technical,38,0.76,0.78,3572
technical,39,0.78,0.8,3329
technical,40,0.8,0.8200000000000001,2946
technical,41,0.8200000000000001,0.8400000000000001,2678
technical,42,0.84,0.86,2483
technical,43,0.86,0.88,2286
technical,44,0.88,0.9,1988
technical,45,0.9,0.92,1529
technical,46,0.92,0.9400000000000001,1201
technical,47,0.9400000000000001,0.9600000000000001,847
technical,48,0.96,0.98,523
technical,49,0.98,1.0,211
aesthetic,0,0.0,0.02,1
aesthetic,1,0.02,0.04,4
aesthetic,2,0.04,0.06,26
aesthetic,3,0.06,0.08,192
aesthetic,4,0.08,0.1,268
aesthetic,5,0.1,0.12000000000000001,254
aesthetic,6,0.12,0.13999999999999999,207
aesthetic,7,0.14,0.16,250
aesthetic,8,0.16,0.18,313
aesthetic,9,0.18,0.19999999999999998,374
aesthetic,10,0.2,0.22,469
aesthetic,11,0.22,0.24,507
aesthetic,12,0.24,0.26,680
aesthetic,13,0.26,0.28,811
aesthetic,14,0.28,0.30000000000000004,962
aesthetic,15,0.3,0.32,1174
aesthetic,16,0.32,0.34,1294
aesthetic,17,0.34,0.36000000000000004,1470
aesthetic,18,0.36,0.38,1710
aesthetic,19,0.38,0.4,1962
aesthetic,20,0.4,0.42000000000000004,2077
aesthetic,21,0.42,0.44,2203
aesthetic,22,0.44,0.46,2461
aesthetic,23,0.46,0.48000000000000004,2513
aesthetic,24,0.48,0.5,2604
aesthetic,25,0.5,0.52,2616
aesthetic,26,0.52,0.54,2717
aesthetic,27,0.54,0.56,2861
aesthetic,28,0.56,0.5800000000000001,2814
aesthetic,29,0.58,0.6,2920
aesthetic,30,0.6,0.62,2914
aesthetic,31,0.62,0.64,2937
aesthetic,32,0.64,0.66,3018
aesthetic,33,0.66,0.68,2904
aesthetic,34,0.68,0.7000000000000001,2922
aesthetic,35,0.7000000000000001,0.7200000000000001,2900
aesthetic,36,0.72,0.74,2948
aesthetic,37,0.74,0.76,2811
aesthetic,38,0.76,0.78,2469
aesthetic,39,0.78,0.8,2268
aesthetic,40,0.8,0.8200000000000001,2041
aesthetic,41,0.8200000000000001,0.8400000000000001,1926
aesthetic,42,0.84,0.86,1721
aesthetic,43,0.86,0.88,1454
aesthetic,44,0.88,0.9,1121
aesthetic,45,0.9,0.92,852
aesthetic,46,0.92,0.9400000000000001,634
aesthetic,47,0.9400000000000001,0.9600000000000001,427
aesthetic,48,0.96,0.98,208
aesthetic,49,0.98,1.0,142
arniqa,0,0.0,0.02,0
arniqa,1,0.02,0.04,0
arniqa,2,0.04,0.06,0
arniqa,3,0.06,0.08,0
arniqa,4,0.08,0.1,0
arniqa,5,0.1,0.12000000000000001,0
arniqa,6,0.12,0.13999999999999999,0
arniqa,7,0.14,0.16,1
arniqa,8,0.16,0.18,0
arniqa,9,0.18,0.19999999999999998,0
arniqa,10,0.2,0.22,1
arniqa,11,0.22,0.24,3
arniqa,12,0.24,0.26,14
arniqa,13,0.26,0.28,20
arniqa,14,0.28,0.30000000000000004,59
arniqa,15,0.3,0.32,89
arniqa,16,0.32,0.34,98
arniqa,17,0.34,0.36000000000000004,89
arniqa,18,0.36,0.38,82
arniqa,19,0.38,0.4,140
arniqa,20,0.4,0.42000000000000004,167
arniqa,21,0.42,0.44,222
arniqa,22,0.44,0.46,305
arniqa,23,0.46,0.48000000000000004,396
arniqa,24,0.48,0.5,592
arniqa,25,0.5,0.52,851
arniqa,26,0.52,0.54,1273
arniqa,27,0.54,0.56,1694
arniqa,28,0.56,0.5800000000000001,2530
arniqa,29,0.58,0.6,4027
arniqa,30,0.6,0.62,6337
arniqa,31,0.62,0.64,9078
arniqa,32,0.64,0.66,11275
arniqa,33,0.66,0.68,12277
arniqa,34,0.68,0.7000000000000001,11070
arniqa,35,0.7000000000000001,0.7200000000000001,7813
arniqa,36,0.72,0.74,4677
arniqa,37,0.74,0.76,1670
arniqa,38,0.76,0.78,383
arniqa,39,0.78,0.8,87
arniqa,40,0.8,0.8200000000000001,11
arniqa,41,0.8200000000000001,0.8400000000000001,2
arniqa,42,0.84,0.86,0
arniqa,43,0.86,0.88,0
arniqa,44,0.88,0.9,0
arniqa,45,0.9,0.92,0
arniqa,46,0.92,0.9400000000000001,0
arniqa,47,0.9400000000000001,0.9600000000000001,0
arniqa,48,0.96,0.98,0
arniqa,49,0.98,1.0,0
ava,0,0.0,0.02,0
ava,1,0.02,0.04,0
ava,2,0.04,0.06,0
ava,3,0.06,0.08,0
ava,4,0.08,0.1,0
ava,5,0.1,0.12000000000000001,0
ava,6,0.12,0.13999999999999999,5
ava,7,0.14,0.16,55
ava,8,0.16,0.18,45
ava,9,0.18,0.19999999999999998,22
ava,10,0.2,0.22,60
ava,11,0.22,0.24,108
ava,12,0.24,0.26,118
ava,13,0.26,0.28,221
ava,14,0.28,0.30000000000000004,564
ava,15,0.3,0.32,1202
ava,16,0.32,0.34,2918
ava,17,0.34,0.36000000000000004,5888
ava,18,0.36,0.38,9299
ava,19,0.38,0.4,11453
ava,20,0.4,0.42000000000000004,12441
ava,21,0.42,0.44,11313
ava,22,0.44,0.46,8423
ava,23,0.46,0.48000000000000004,5686
ava,24,0.48,0.5,3419
ava,25,0.5,0.52,1997
ava,26,0.52,0.54,1205
ava,27,0.54,0.56,596
ava,28,0.56,0.5800000000000001,218
ava,29,0.58,0.6,65
ava,30,0.6,0.62,11
ava,31,0.62,0.64,1
ava,32,0.64,0.66,0
ava,33,0.66,0.68,0
ava,34,0.68,0.7000000000000001,0
ava,35,0.7000000000000001,0.7200000000000001,0
ava,36,0.72,0.74,0
ava,37,0.74,0.76,0
ava,38,0.76,0.78,0
ava,39,0.78,0.8,0
ava,40,0.8,0.8200000000000001,0
ava,41,0.8200000000000001,0.8400000000000001,0
ava,42,0.84,0.86,0
ava,43,0.86,0.88,0
ava,44,0.88,0.9,0
ava,45,0.9,0.92,0
ava,46,0.92,0.9400000000000001,0
ava,47,0.9400000000000001,0.9600000000000001,0
ava,48,0.96,0.98,0
ava,49,0.98,1.0,0
clip_quality_v0,0,0.0,0.02,0
clip_quality_v0,1,0.02,0.04,0
clip_quality_v0,2,0.04,0.06,0
clip_quality_v0,3,0.06,0.08,2
clip_quality_v0,4,0.08,0.1,16
clip_quality_v0,5,0.1,0.12000000000000001,43
clip_quality_v0,6,0.12,0.13999999999999999,51
clip_quality_v0,7,0.14,0.16,129
clip_quality_v0,8,0.16,0.18,171
clip_quality_v0,9,0.18,0.19999999999999998,266
clip_quality_v0,10,0.2,0.22,408
clip_quality_v0,11,0.22,0.24,604
clip_quality_v0,12,0.24,0.26,687
clip_quality_v0,13,0.26,0.28,833
clip_quality_v0,14,0.28,0.30000000000000004,1116
clip_quality_v0,15,0.3,0.32,1423
clip_quality_v0,16,0.32,0.34,1721
clip_quality_v0,17,0.34,0.36000000000000004,2104
clip_quality_v0,18,0.36,0.38,2556
clip_quality_v0,19,0.38,0.4,3005
clip_quality_v0,20,0.4,0.42000000000000004,3383
clip_quality_v0,21,0.42,0.44,3868
clip_quality_v0,22,0.44,0.46,4326
clip_quality_v0,23,0.46,0.48000000000000004,4392
clip_quality_v0,24,0.48,0.5,4702
clip_quality_v0,25,0.5,0.52,4850
clip_quality_v0,26,0.52,0.54,4764
clip_quality_v0,27,0.54,0.56,4561
clip_quality_v0,28,0.56,0.5800000000000001,4313
clip_quality_v0,29,0.58,0.6,3873
clip_quality_v0,30,0.6,0.62,3615
clip_quality_v0,31,0.62,0.64,3304
clip_quality_v0,32,0.64,0.66,2746
clip_quality_v0,33,0.66,0.68,2480
clip_quality_v0,34,0.68,0.7000000000000001,2061
clip_quality_v0,35,0.7000000000000001,0.7200000000000001,1631
clip_quality_v0,36,0.72,0.74,1152
clip_quality_v0,37,0.74,0.76,674
clip_quality_v0,38,0.76,0.78,374
clip_quality_v0,39,0.78,0.8,257
clip_quality_v0,40,0.8,0.8200000000000001,247
clip_quality_v0,41,0.8200000000000001,0.8400000000000001,268
clip_quality_v0,42,0.84,0.86,214
clip_quality_v0,43,0.86,0.88,103
clip_quality_v0,44,0.88,0.9,1
clip_quality_v0,45,0.9,0.92,0
clip_quality_v0,46,0.92,0.9400000000000001,0
clip_quality_v0,47,0.9400000000000001,0.9600000000000001,0
clip_quality_v0,48,0.96,0.98,0
clip_quality_v0,49,0.98,1.0,0
liqe,0,0.0,0.02,531
liqe,1,0.02,0.04,80
liqe,2,0.04,0.06,96
liqe,3,0.06,0.08,61
liqe,4,0.08,0.1,54
liqe,5,0.1,0.12000000000000001,50
liqe,6,0.12,0.13999999999999999,42
liqe,7,0.14,0.16,46
liqe,8,0.16,0.18,43
liqe,9,0.18,0.19999999999999998,54
liqe,10,0.2,0.22,50
liqe,11,0.22,0.24,66
liqe,12,0.24,0.26,73
liqe,13,0.26,0.28,88
liqe,14,0.28,0.30000000000000004,117
liqe,15,0.3,0.32,164
liqe,16,0.32,0.34,223
liqe,17,0.34,0.36000000000000004,238
liqe,18,0.36,0.38,349
liqe,19,0.38,0.4,439
liqe,20,0.4,0.42000000000000004,544
liqe,21,0.42,0.44,644
liqe,22,0.44,0.46,717
liqe,23,0.46,0.48000000000000004,883
liqe,24,0.48,0.5,1068
liqe,25,0.5,0.52,1194
liqe,26,0.52,0.54,1368
liqe,27,0.54,0.56,1521
liqe,28,0.56,0.5800000000000001,1742
liqe,29,0.58,0.6,1875
liqe,30,0.6,0.62,2118
liqe,31,0.62,0.64,2270
liqe,32,0.64,0.66,2465
liqe,33,0.66,0.68,2869
liqe,34,0.68,0.7000000000000001,3216
liqe,35,0.7000000000000001,0.7200000000000001,3540
liqe,36,0.72,0.74,3607
liqe,37,0.74,0.76,3441
liqe,38,0.76,0.78,3107
liqe,39,0.78,0.8,2830
liqe,40,0.8,0.8200000000000001,2550
liqe,41,0.8200000000000001,0.8400000000000001,2469
liqe,42,0.84,0.86,2402
liqe,43,0.86,0.88,2348
liqe,44,0.88,0.9,2423
liqe,45,0.9,0.92,2577
liqe,46,0.92,0.9400000000000001,2747
liqe,47,0.9400000000000001,0.9600000000000001,3255
liqe,48,0.96,0.98,4115
liqe,49,0.98,1.0,8564
spaq,0,0.0,0.02,0
spaq,1,0.02,0.04,0
spaq,2,0.04,0.06,0
spaq,3,0.06,0.08,0
spaq,4,0.08,0.1,6
spaq,5,0.1,0.12000000000000001,48
spaq,6,0.12,0.13999999999999999,133
spaq,7,0.14,0.16,126
spaq,8,0.16,0.18,173
spaq,9,0.18,0.19999999999999998,135
spaq,10,0.2,0.22,188
spaq,11,0.22,0.24,256
spaq,12,0.24,0.26,334
spaq,13,0.26,0.28,417
spaq,14,0.28,0.30000000000000004,505
spaq,15,0.3,0.32,698
spaq,16,0.32,0.34,880
spaq,17,0.34,0.36000000000000004,1185
spaq,18,0.36,0.38,1422
spaq,19,0.38,0.4,1574
spaq,20,0.4,0.42000000000000004,2000
spaq,21,0.42,0.44,2211
spaq,22,0.44,0.46,2487
spaq,23,0.46,0.48000000000000004,2699
spaq,24,0.48,0.5,2902
spaq,25,0.5,0.52,3098
spaq,26,0.52,0.54,3298
spaq,27,0.54,0.56,3486
spaq,28,0.56,0.5800000000000001,3580
spaq,29,0.58,0.6,3722
spaq,30,0.6,0.62,3909
spaq,31,0.62,0.64,4230
spaq,32,0.64,0.66,4714
spaq,33,0.66,0.68,5186
spaq,34,0.68,0.7000000000000001,5573
spaq,35,0.7000000000000001,0.7200000000000001,4885
spaq,36,0.72,0.74,5066
spaq,37,0.74,0.76,4064
spaq,38,0.76,0.78,1816
spaq,39,0.78,0.8,323
spaq,40,0.8,0.8200000000000001,4
spaq,41,0.8200000000000001,0.8400000000000001,0
spaq,42,0.84,0.86,0
spaq,43,0.86,0.88,0
spaq,44,0.88,0.9,0
spaq,45,0.9,0.92,0
spaq,46,0.92,0.9400000000000001,0
spaq,47,0.9400000000000001,0.9600000000000001,0
spaq,48,0.96,0.98,0
spaq,49,0.98,1.0,0
topiq,0,0.0,0.02,0
topiq,1,0.02,0.04,1
topiq,2,0.04,0.06,1
topiq,3,0.06,0.08,0
topiq,4,0.08,0.1,1
topiq,5,0.1,0.12000000000000001,9
topiq,6,0.12,0.13999999999999999,34
topiq,7,0.14,0.16,137
topiq,8,0.16,0.18,148
topiq,9,0.18,0.19999999999999998,66
topiq,10,0.2,0.22,58
topiq,11,0.22,0.24,65
topiq,12,0.24,0.26,71
topiq,13,0.26,0.28,99
topiq,14,0.28,0.30000000000000004,108
topiq,15,0.3,0.32,89
topiq,16,0.32,0.34,110
topiq,17,0.34,0.36000000000000004,145
topiq,18,0.36,0.38,232
topiq,19,0.38,0.4,325
topiq,20,0.4,0.42000000000000004,379
topiq,21,0.42,0.44,577
topiq,22,0.44,0.46,727
topiq,23,0.46,0.48000000000000004,1099
topiq,24,0.48,0.5,1711
topiq,25,0.5,0.52,2539
topiq,26,0.52,0.54,3797
topiq,27,0.54,0.56,5364
topiq,28,0.56,0.5800000000000001,7371
topiq,29,0.58,0.6,9223
topiq,30,0.6,0.62,9788
topiq,31,0.62,0.64,9960
topiq,32,0.64,0.66,9232
topiq,33,0.66,0.68,7108
topiq,34,0.68,0.7000000000000001,4349
topiq,35,0.7000000000000001,0.7200000000000001,1667
topiq,36,0.72,0.74,510
topiq,37,0.74,0.76,173
topiq,38,0.76,0.78,52
topiq,39,0.78,0.8,8
topiq,40,0.8,0.8200000000000001,0
topiq,41,0.8200000000000001,0.8400000000000001,0
topiq,42,0.84,0.86,0
topiq,43,0.86,0.88,0
topiq,44,0.88,0.9,0
topiq,45,0.9,0.92,0
topiq,46,0.92,0.9400000000000001,0
topiq,47,0.9400000000000001,0.9600000000000001,0
topiq,48,0.96,0.98,0
topiq,49,0.98,1.0,0
