keyword,keyword_images,dimension,count,coverage_pct,mean,median,std,iqr,skewness,rest_mean,mean_delta,cohens_d,rank_shift
wildlife,51281,general,51279,100.0,0.6360832699545623,0.6513,0.17381508699805154,0.22385,-0.6364941225862958,0.6300406609857209,0.006042608968841456,0.03346886482294078,0.0001051867319068478
wildlife,51281,technical,51279,100.0,0.6537725482166189,0.6782,0.17336407451067704,0.21539999999999992,-0.8318462714444212,0.656543079226163,-0.0027705310095440527,-0.015326567675303337,-0.004803955374980073
wildlife,51281,aesthetic,51279,100.0,0.5984391349285282,0.6124,0.18925009412306884,0.2812,-0.34173704440259156,0.5698050322432058,0.028634102685322405,0.15413164990053033,0.016143204255296917
wildlife,51281,arniqa,51281,100.0,0.6469025721027281,0.657,0.06486884796153587,0.06999999999999995,-1.5410244641850146,0.653378036235222,-0.006475464132493891,-0.10115199101674614,-0.01016102280854525
wildlife,51281,ava,51281,100.0,0.4177747703827929,0.417,0.05389501997946201,0.067,-0.1272347811863684,0.39961285122063567,0.01816191916215726,0.34913054588101244,0.03642526301127613
wildlife,51281,clip_quality_v0,51259,99.96,0.5048922951835396,0.5055549144744873,0.12377918753578594,0.17245079576969147,-0.12246269765130836,0.518625890291456,-0.013733595107916385,-0.10752998319196203,-0.010532224864888029
wildlife,51281,liqe,51281,100.0,0.7542117058077185,0.7593398094177246,0.17892756351139913,0.25431710481643677,-0.9097533556969892,0.7552148175994482,-0.0010031117917297383,-0.005341009135349239,-0.0057130908614444476
wildlife,51281,spaq,51281,100.0,0.5798441333047327,0.604,0.13309200051015588,0.19899999999999995,-0.7248748916798482,0.5833954015046829,-0.0035512681999502194,-0.02689481177416572,-0.0018874148752150433
wildlife,51281,topiq,51281,100.0,0.5994394005577113,0.6105,0.07472166761507217,0.0808000000000001,-2.0695618005779157,0.5939345155842162,0.0055048849734951055,0.07172183435345428,0.006537692594828726
birds,36574,general,36574,100.0,0.6524655383605841,0.67,0.16221198218174954,0.21010000000000006,-0.6236798142742253,0.6175199033294894,0.03494563503109471,0.19444287608157543,0.026162033857463185
birds,36574,technical,36574,100.0,0.6732515502816209,0.6979,0.16402815235891177,0.2003999999999999,-0.7722649568269405,0.6380636602301445,0.03518789005147638,0.19558000164838116,0.025837548275403077
birds,36574,aesthetic,36574,100.0,0.59735370481763,0.6131,0.17953464815607112,0.28059999999999996,-0.3042532134022639,0.5811101577643104,0.01624354705331954,0.08728743707383217,0.013115084428614532
birds,36574,arniqa,36574,100.0,0.6577007327609777,0.6662,0.05943017732221543,0.0683999999999999,-1.210775546337499,0.6413520645746952,0.016348668186282556,0.25718237245647435,0.04156053564762929
birds,36574,ava,36574,100.0,0.4193811724175644,0.418,0.0478368730155814,0.061,0.17296233466896552,0.40472472337397875,0.014656449043585651,0.28070141702392587,0.04414842449058276
birds,36574,clip_quality_v0,36555,99.95,0.5036108302570306,0.5053055882453918,0.1259510053039735,0.16809123754501343,0.009477132740696425,0.5148188544761866,-0.01120802421915601,-0.08772642446511693,-0.015254562774516589
birds,36574,liqe,36574,100.0,0.783704101286292,0.7865443825721741,0.15415583107671627,0.2286786586046219,-0.6794448615788362,0.7283886531362789,0.0553154481500131,0.2977596978701821,0.03544782164295579
birds,36574,spaq,36574,100.0,0.5743877617979987,0.591,0.12908584532542505,0.20400000000000007,-0.49053816603204065,0.5870101327314213,-0.012622370933422666,-0.0956942861580755,-0.018723682218173388
birds,36574,topiq,36574,100.0,0.6081066249248099,0.6161,0.06149658707504833,0.07440000000000002,-1.2768802471187717,0.5881435314899778,0.019963093434832158,0.2621623544614377,0.034081605691553385
nature,31780,general,31780,100.0,0.6482968753933291,0.6662,0.16370562774905217,0.21200000000000008,-0.6174843291916242,0.6241061359794515,0.024190739413877616,0.1342631515035157,0.01911457618274226
nature,31780,technical,31780,100.0,0.6733645028319698,0.6996,0.1639028720039274,0.19940000000000002,-0.8411834853177413,0.6416881934534917,0.031676309378478096,0.17588352597217877,0.027138903200809028
nature,31780,aesthetic,31780,100.0,0.5892893895531781,0.5952,0.18304316712957458,0.28429999999999994,-0.22243608015440572,0.5884460121621918,0.0008433773909862774,0.0045277441428645746,-0.0005447768779556772
nature,31780,arniqa,31780,100.0,0.656834109502832,0.665,0.056917349479796105,0.06530000000000002,-1.2003206846298349,0.6436771979891555,0.013156911513676595,0.20634235141370855,0.03313201939822086
nature,31780,ava,31780,100.0,0.41519968533668977,0.413,0.05113564854041644,0.067,0.18756498681349837,0.4091843786358747,0.006015306700815071,0.11427079803472454,0.017415673064869464
nature,31780,clip_quality_v0,31780,100.0,0.5109937560926863,0.5147614479064941,0.12114108408941814,0.1695789396762848,-0.17220913839192298,0.5084878860114591,0.0025058700812271573,0.019595842114161998,0.004703188345847709
nature,31780,liqe,31780,100.0,0.778242860775432,0.7789852023124695,0.15689085720842544,0.23153626918792725,-0.6644765562583015,0.7380200820622835,0.0402227787131485,0.21536203642288412,0.026631995081923043
nature,31780,spaq,31780,100.0,0.574236532410321,0.589,0.12930862405528126,0.20300000000000007,-0.4833097025588167,0.5857872587974448,-0.011550726387123733,-0.08755113978636343,-0.01910254664554395
nature,31780,topiq,31780,100.0,0.6109693517935808,0.6213,0.06437578897482586,0.07509999999999994,-1.3230366708794452,0.5882472702127193,0.02272208158086153,0.29905628476807344,0.052526610639789806
animals,28106,general,28106,100.0,0.6572609478403187,0.6734,0.16262629900851377,0.211075,-0.6324023490997428,0.620793440325038,0.03646750751528072,0.20292107141399462,0.0338389682685899
animals,28106,technical,28106,100.0,0.6782737422614388,0.7012,0.1604583030799061,0.19699999999999995,-0.8280941685174723,0.6412493854748603,0.03702435678657845,0.2058144065953309,0.03350241928799791
animals,28106,aesthetic,28106,100.0,0.6031619156052088,0.6148,0.18741038591207435,0.294275,-0.27976287379862685,0.5805881625190452,0.022573753086163606,0.12139525803420732,0.022095543805461526
animals,28106,arniqa,28106,100.0,0.6592422116274105,0.6648,0.05269444816549237,0.06340000000000001,-1.0184545233852995,0.6432842505129298,0.015957961114480668,0.25079701157518247,0.03773300891940412
animals,28106,ava,28106,100.0,0.41951416067743535,0.417,0.05426664184516825,0.07100000000000001,0.14332714839436625,0.4071699880147074,0.01234417266272797,0.23562732707597678,0.03991628007823089
animals,28106,clip_quality_v0,28100,99.98,0.5171623191266616,0.518354743719101,0.11627686451224566,0.16082627326250076,-0.09228696224053454,0.5051518080475653,0.012010511079096231,0.09401352141925481,0.016468326628630958
animals,28106,liqe,28106,100.0,0.7848872778184353,0.7862788438796997,0.1587062150423227,0.23784905672073364,-0.7258049343045233,0.7372284535572246,0.04765882426121071,0.2556673281600432,0.039184423173477256
animals,28106,spaq,28106,100.0,0.5795796271258805,0.598,0.12842544686609908,0.19999999999999996,-0.5627078710063602,0.5818745607085543,-0.0022949335826737416,-0.01737941867334343,-0.006783101531794455
animals,28106,topiq,28106,100.0,0.6091053867501601,0.6193,0.06448988171352554,0.07569999999999999,-1.3303148479768825,0.591007331342556,0.01809805540760412,0.23718857851374445,0.043352077819620805
forest,16738,general,16738,100.0,0.6329108017684311,0.6549,0.16757651709620883,0.20137500000000008,-0.7720273304496098,0.6343615978743419,-0.001450796105910812,-0.008034723147748913,-0.004437171585041866
forest,16738,technical,16738,100.0,0.6707212271478074,0.6976,0.16770857617829044,0.18569999999999998,-1.05080625896643,0.6502818955985015,0.020439331549305884,0.11319012002234875,0.024848169683747034
forest,16738,aesthetic,16738,100.0,0.5750892221292867,0.58285,0.18138154041199156,0.2714,-0.26750566830541017,0.5925779826052514,-0.017488760475964704,-0.09395994882448312,-0.02161981221857584
forest,16738,arniqa,16738,100.0,0.6584817122714781,0.6644,0.05312256241482761,0.06017499999999998,-1.5685138057226686,0.646488134334516,0.011993577936962097,0.18769385953460893,0.03651457058364249
forest,16738,ava,16738,100.0,0.4029572828294898,0.402,0.0478984871247816,0.061,0.04619268533750712,0.4140592953213961,-0.011102012491906343,-0.21136494753744756,-0.04949003286365744
forest,16738,clip_quality_v0,16738,100.0,0.5018180291870472,0.5021646022796631,0.11481447831505473,0.16137054562568665,-0.09533235342119152,0.5116465592182166,-0.009828530031169347,-0.07689382821989488,-0.019282660592130796
forest,16738,liqe,16738,100.0,0.7430882026997073,0.7442412376403809,0.1713441315193824,0.2122740000486374,-0.9941781227577356,0.7577155966142212,-0.014627393914513842,-0.07792253255019393,-0.02692412258907456
forest,16738,spaq,16738,100.0,0.5849582984824949,0.611,0.1328719139002506,0.20699999999999996,-0.6558219969992666,0.5799582803861705,0.005000018096324443,0.0378681711584497,0.010239926541186994
forest,16738,topiq,16738,100.0,0.6086479149241247,0.6226,0.07399367929912792,0.07747499999999996,-1.8337475010385484,0.5945290056935391,0.014118909230585674,0.18437550973123165,0.055684029463501705
water,10372,general,10372,100.0,0.6321309776320864,0.6548,0.16183065254119164,0.20840000000000003,-0.7560514015485672,0.634344461536164,-0.0022134839040776066,-0.01225864070149525,-0.006680962567255644
water,10372,technical,10372,100.0,0.6441625337446973,0.674,0.1623588847147619,0.2096,-0.89018482596883,0.6563390880986872,-0.012176554353989899,-0.06737664214511442,-0.024122256356814975
water,10372,aesthetic,10372,100.0,0.5744363864249904,0.57625,0.17912055892611323,0.27522499999999994,-0.14874824405755796,0.5910163966009049,-0.016580010175914484,-0.08905197179133638,-0.025089695775448895
water,10372,arniqa,10372,100.0,0.6411461145391438,0.6514,0.05586930203419801,0.06209999999999993,-1.4969508956020778,0.650313584026523,-0.00916746948737912,-0.14321015862342257,-0.053528205820296604
water,10372,ava,10372,100.0,0.41030582337061317,0.403,0.054939850989201726,0.07200000000000001,0.49873847847139285,0.4118655635369842,-0.0015597401663710597,-0.02958465405233278,-0.0230311018534457
water,10372,clip_quality_v0,10372,100.0,0.5231770217782149,0.5322698652744293,0.11759641809871506,0.16680773347616196,-0.43026181717413914,0.5074012603130132,0.015775761465201654,0.1234695308650265,0.037283598565934994
water,10372,liqe,10372,100.0,0.7781758713202038,0.802010811328888,0.1779591863743807,0.25161290168762207,-1.1399591441641181,0.7508900221964021,0.02728584912380172,0.145459807501249,0.035337929912445
water,10372,spaq,10372,100.0,0.5675919784033938,0.581,0.12821901282377637,0.1925,-0.5416068839179461,0.5831236092650948,-0.015531630861700951,-0.11771075731107905,-0.035805669402374785
water,10372,topiq,10372,100.0,0.5953068549942151,0.6052,0.06738789319974109,0.0746,-1.6250524939241995,0.597937772733382,-0.0026309177391669047,-0.03426025675092262,-0.02090288393272366
minimal,10345,general,10345,100.0,0.5570363363943934,0.5787,0.18010060943716805,0.25760000000000005,-0.361113040955947,0.6459408294270443,-0.08890449303265091,-0.4994285890309409,-0.12303861158329371
minimal,10345,technical,10345,100.0,0.5736265828902851,0.6029,0.18513806747504352,0.26530000000000004,-0.4606860219375084,0.6672274176693639,-0.09360083477907877,-0.5260216992465556,-0.12909656049031798
minimal,10345,aesthetic,10345,100.0,0.5304716384726921,0.5245,0.18313913461488024,0.267,0.0010845406815107365,0.5977994207744902,-0.06732778230179814,-0.364221767369384,-0.09212014792641082
minimal,10345,arniqa,10345,100.0,0.6254484968583857,0.6394,0.07796078236226073,0.0948,-0.8865836589468051,0.6527340822236819,-0.02728558536529624,-0.4302793023627943,-0.09077353469478239
minimal,10345,ava,10345,100.0,0.4167362977283712,0.415,0.04928711106869986,0.062,-0.16517806637283236,0.4108718725741924,0.005864425154178787,0.11130871080988033,0.03433969974532736
minimal,10345,clip_quality_v0,10345,100.0,0.4395360574457541,0.44247227907180786,0.13123530634511343,0.18980151414871216,0.10264321045138254,0.5203318749835665,-0.0807958175378124,-0.6469375985280349,-0.14927491359590633
minimal,10345,liqe,10345,100.0,0.6938094262578051,0.707244336605072,0.18305845403406543,0.23612725734710693,-0.7162023222761461,0.7639297844239183,-0.07012035816611328,-0.37640280941092147,-0.10157817715745182
minimal,10345,spaq,10345,100.0,0.5215169647172548,0.524,0.1329427321742835,0.198,-0.19124261528640918,0.5902327431778827,-0.06871577846062782,-0.5287242162177295,-0.1327618063380387
minimal,10345,topiq,10345,100.0,0.5817893185113581,0.5906,0.07395788487039538,0.08610000000000007,-1.3703201295256588,0.6000242341911984,-0.01823491567984037,-0.23822142566039564,-0.07557367595486364
urban,9817,general,9817,100.0,0.642667912804319,0.6586,0.17941050628357308,0.2642,-0.5201661063264775,0.632794122700477,0.00987379010384204,0.054691272240147644,0.013427087747680866
urban,9817,technical,9817,100.0,0.6810086686360395,0.7035,0.17892749184586973,0.24429999999999996,-0.6899170358873712,0.6508813090618243,0.030127359574215196,0.16691719862263987,0.04238961723186174
urban,9817,aesthetic,9817,100.0,0.5532976673118061,0.5608,0.1656431714690888,0.22929999999999995,-0.1163061045323056,0.5939538155049323,-0.04065614819312624,-0.21884402068353173,-0.06161426680343923
urban,9817,arniqa,9817,100.0,0.661789263522461,0.6666,0.051985973799870966,0.061999999999999944,-1.0274435916630322,0.6472366579773683,0.014552605545092745,0.2277156716969593,0.04984795307112455
urban,9817,ava,9817,100.0,0.3877057145767546,0.381,0.04813784287023351,0.055999999999999994,0.7494300531827749,0.4151388559748801,-0.02743314139812547,-0.5283030254453757,-0.15180025232983801
urban,9817,clip_quality_v0,9817,100.0,0.5236598829222427,0.5280604362487793,0.12476055795116495,0.1712089478969574,-0.13239681379392518,0.5074607665116033,0.016199116410639425,0.12678363422449443,0.03224301114994732
urban,9817,liqe,9817,100.0,0.7794382763561265,0.7969932556152344,0.18685375016602154,0.2976663112640381,-0.8245549037130023,0.750930762406516,0.028507513949610486,0.15198024319722492,0.04286340248973841
urban,9817,spaq,9817,100.0,0.5865359070999288,0.605,0.11613290326929324,0.16300000000000003,-0.6930426775908981,0.5802414390662954,0.006294468033633316,0.04767203279415773,-8.792253960498986e-05
urban,9817,topiq,9817,100.0,0.6077809310379954,0.618,0.07474883143273427,0.09460000000000002,-1.0631907080313876,0.5961023831388114,0.011678547899183989,0.15226492018415844,0.03865041409714176
landscape,8269,general,8269,100.0,0.6349588704801064,0.6495,0.16511489749175248,0.22540000000000004,-0.5154605841112058,0.6339384668848281,0.0010204035952782187,0.005651123526314828,-0.004130651333584312
landscape,8269,technical,8269,100.0,0.6717792719796831,0.6903,0.16871970984299312,0.2197,-0.643414563385476,0.652661666328806,0.019117605650877167,0.10581227461440136,0.021946850610025104
landscape,8269,aesthetic,8269,100.0,0.5693110412383602,0.5759,0.15270571877291453,0.20289999999999997,-0.16258605009041596,0.5911251933045669,-0.021814152066206738,-0.1171876318533262,-0.0391727334296601
landscape,8269,arniqa,8269,100.0,0.6507081388317814,0.6561,0.0503597008100896,0.06070000000000009,-0.9663262602470514,0.648889577782926,0.0018185610488553605,0.028376075949768768,-0.014320872659613626
landscape,8269,ava,8269,100.0,0.3882604909904463,0.381,0.0429681688508886,0.05299999999999999,0.7817806700276203,0.4144575466234217,-0.02619705563297542,-0.5028349920855963,-0.1510916846200394
landscape,8269,clip_quality_v0,8269,100.0,0.5085737804857112,0.5146681070327759,0.11904102934354366,0.16589093208312988,-0.2235837862500794,0.5096313309918836,-0.0010575505061724,-0.008269661432891293,-0.0001800501504362062
landscape,8269,liqe,8269,100.0,0.7492646458248142,0.7511513233184814,0.17636161307794054,0.2750670909881592,-0.4945334454006603,0.7551824041077992,-0.0059177582829850195,-0.03151014572264382,-0.016906542404325042
landscape,8269,spaq,8269,100.0,0.6076150683274882,0.626,0.11291294461978225,0.15999999999999992,-0.751048271188537,0.5778587252403568,0.029756343087131487,0.22588375531424906,0.05065980939604908
landscape,8269,topiq,8269,100.0,0.6075408392792356,0.6143,0.0685655177357573,0.08520000000000005,-0.9273581551435883,0.5963928921000812,0.01114794717915446,0.1453068352630728,0.030652456547643925
macro,7820,general,7820,100.0,0.6522202813299233,0.6759,0.194744733673177,0.278,-0.6447560246277583,0.6320031462646201,0.020217135065303204,0.11202871607996749,0.035746858962635075
macro,7820,technical,7820,100.0,0.6700652301790282,0.7031,0.1917637397178691,0.256625,-0.7877051574446892,0.6529779847793874,0.017087245399640794,0.09456250894343311,0.031973498174198145
macro,7820,aesthetic,7820,100.0,0.592901662404092,0.6126,0.20650677315475935,0.33067500000000005,-0.2910407581962946,0.5883303376444017,0.004571324759690354,0.0245421615150239,0.010965290416764306
macro,7820,arniqa,7820,100.0,0.6664779539641943,0.675,0.06059691568021986,0.06799999999999995,-1.487382748772273,0.6471272682807533,0.019350685683441005,0.3031872727952419,0.08910695677837988
macro,7820,ava,7820,100.0,0.41822084398976983,0.421,0.056716196067201546,0.07800000000000001,-0.062354906104446314,0.410917885863076,0.007302958126693848,0.13863407993776755,0.04113002885357098
macro,7820,clip_quality_v0,7819,99.99,0.5677208551982889,0.568478524684906,0.12474979591627307,0.16558460891246796,-0.12995167056193818,0.5029678279345908,0.06475302726369803,0.5123508593584514,0.12723000211563096
macro,7820,liqe,7820,100.0,0.7899403546642464,0.8062499761581421,0.17910123868783817,0.2506090998649597,-1.1465066401583124,0.7505682870851786,0.03937206757906775,0.21005352886181894,0.06078354259040264
macro,7820,spaq,7820,100.0,0.5683445012787723,0.5914999999999999,0.13371273413430254,0.20725000000000005,-0.6447716378746552,0.5824687468531067,-0.014124245574334338,-0.10701413264426218,-0.028061632291129124
macro,7820,topiq,7820,100.0,0.5940253324808185,0.6078,0.08190304560797056,0.09599999999999997,-1.3927628117515596,0.5979853523801303,-0.0039600198993118285,-0.051570768365178765,-0.004841651295778182
aerial,6386,general,6386,100.0,0.5855347009082368,0.5991,0.20259610044874163,0.3087999999999999,-0.3200857580733356,0.6384143872013531,-0.052879686293116346,-0.29381000477839636,-0.06858888185227047
aerial,6386,technical,6386,100.0,0.6061821171312245,0.6281,0.2139522831328441,0.3217000000000001,-0.3563933104030768,0.659073702163648,-0.05289158503242353,-0.2935418700029592,-0.0641312997618732
aerial,6386,aesthetic,6386,100.0,0.5254355308487316,0.5275,0.17754267183945385,0.25320000000000004,-0.07303235377224253,0.5944955923602792,-0.06906006151154753,-0.3726997323577144,-0.09997062953200558
aerial,6386,arniqa,6386,100.0,0.6233897588474788,0.64,0.08413726828163853,0.10317500000000002,-0.8361855571476756,0.6513967947904774,-0.02800703594299858,-0.44018925334899317,-0.08439769839655165
aerial,6386,ava,6386,100.0,0.395373003445036,0.395,0.047312542364195666,0.061,0.09640858232246026,0.4131220488533694,-0.017749045408333386,-0.3380956569377487,-0.09351873025209079
aerial,6386,clip_quality_v0,6386,100.0,0.47064657197583254,0.4825143367052078,0.14774475139771007,0.21646468341350555,-0.08894936305394906,0.5130189852190649,-0.04237241324323232,-0.33272302475018745,-0.07252469522983485
aerial,6386,liqe,6386,100.0,0.7335440027210133,0.7469941973686218,0.2049869973503269,0.3209720849990845,-0.7437163690885846,0.7564403697443168,-0.022896367023303554,-0.12197864824150531,-0.026270973321046165
aerial,6386,spaq,6386,100.0,0.5492876605073599,0.56,0.1344418355151088,0.21100000000000002,-0.33992332509912115,0.5838985862686231,-0.034610925761263234,-0.26278237831092593,-0.07213344761222407
aerial,6386,topiq,6386,100.0,0.5915181334168493,0.5992,0.08118050103239113,0.10185,-0.9574482438087625,0.5981309865110576,-0.006612853094208226,-0.08613202014140363,-0.02788269479272809
insect,6268,general,6268,100.0,0.5890637204850032,0.6104,0.2065479749902205,0.283975,-0.3698497444067687,0.6380153089512123,-0.04895158846620906,-0.27184475495898375,-0.06109024707923044
insect,6268,technical,6268,100.0,0.6102317804722399,0.64745,0.205738254996646,0.274325,-0.5209497382039002,0.65862868159239,-0.04839690112015005,-0.2684420128134941,-0.05952053585479844
insect,6268,aesthetic,6268,100.0,0.5294863752393107,0.52715,0.20603816239997394,0.323625,0.07894846716132996,0.5940236198865795,-0.06453724464726873,-0.3480323714525244,-0.08784030119468267
insect,6268,arniqa,6268,100.0,0.6528447830248884,0.66245,0.06610729310202704,0.06822499999999987,-1.4848675334349986,0.6487523295574473,0.004092453467441026,0.06386419830044122,0.022697424568847824
insect,6268,ava,6268,100.0,0.4081437460114869,0.41,0.05624843381660002,0.069,0.12083108497796413,0.4119661858861605,-0.003822439874673622,-0.07251333178825828,-0.01735106756401289
insect,6268,clip_quality_v0,6264,99.94,0.5419472653827943,0.5482497811317444,0.13485077902464512,0.17543955147266388,-0.22714127994069103,0.5066583351005672,0.035288930282227016,0.2767315252765484,0.0734360559367575
insect,6268,liqe,6268,100.0,0.7439931919349175,0.7586777210235596,0.1982178419914821,0.2620212454795837,-0.8220857257497384,0.7554807230926387,-0.011487531157721165,-0.061173005864601206,-0.0075897940079573956
insect,6268,spaq,6268,100.0,0.5280888640714742,0.538,0.13940656642196772,0.23200000000000004,-0.23484267383996366,0.5857108703299797,-0.057622006258505554,-0.4394808877860452,-0.11273959589977312
insect,6268,topiq,6268,100.0,0.5764364390555201,0.5931,0.08814957009382485,0.10432499999999989,-1.014091453723691,0.5994502258495743,-0.023013786794054192,-0.3006762813244706,-0.06892355261764133
street,5245,general,5245,100.0,0.647893994280267,0.6725,0.1688290141375264,0.2396999999999999,-0.6697083500706656,0.6330401090364288,0.014853885243838127,0.08228016457724771,0.02230488058494684
street,5245,technical,5245,100.0,0.6895598665395615,0.7111,0.17085288431327925,0.22519999999999996,-0.7417143902042685,0.6521699261992621,0.03738994034029941,0.2071158931036372,0.05530373893125384
street,5245,aesthetic,5245,100.0,0.5498981315538608,0.5585,0.14068693030022913,0.187,-0.1998458621781535,0.5916225813611519,-0.041724449807291064,-0.2243569126390802,-0.07272479489126926
street,5245,arniqa,5245,100.0,0.6600479885605338,0.6638,0.04681793218501564,0.05590000000000006,-0.9611787387185453,0.6482863125624237,0.011761675998110066,0.18371297925804866,0.035290890670002795
street,5245,ava,5245,100.0,0.37563889418493807,0.373,0.03618277734435695,0.039000000000000035,1.094725696328497,0.4142769392964155,-0.03863804511147745,-0.7456047216611884,-0.23222731922780104
street,5245,clip_quality_v0,5245,100.0,0.5194611333885911,0.5241121053695679,0.10832531840876126,0.1487247347831726,-0.22033955399900712,0.5087943700527136,0.010666763335877572,0.08342830791960085,0.024199993347340576
street,5245,liqe,5245,100.0,0.7828976682738876,0.8091201782226562,0.18537485467418063,0.29664409160614014,-0.8055847014119007,0.7524870802842345,0.030410587989653126,0.1620532199654607,0.04742040274814241
street,5245,spaq,5245,100.0,0.6053538608198284,0.619,0.1051502894813727,0.14,-0.7091459245315486,0.5792714876262346,0.026082373193593855,0.19775765981832355,0.039128429304137624
street,5245,topiq,5245,100.0,0.6082414299332698,0.6175,0.07227880833349777,0.09060000000000001,-0.9658628039265998,0.5968095605371214,0.011431869396148375,0.14896197848804765,0.0378963331786184
transportation,5089,general,5089,100.0,0.6390136765572804,0.6607,0.17524269205289694,0.2388,-0.6368799801557565,0.6336977478475125,0.005315928709767825,0.029441021700227457,0.00937860842298699
transportation,5089,technical,5089,100.0,0.6700049125564943,0.6982,0.17768705283592312,0.23860000000000003,-0.7418796440592927,0.6536281913568285,0.016376721199665822,0.09061645033764587,0.02637137321130656
transportation,5089,aesthetic,5089,100.0,0.5687545293770879,0.5761,0.16357877691646855,0.23080000000000006,-0.15093149798592748,0.5902041651670773,-0.021449635789989374,-0.11520089850539386,-0.03764844299847553
transportation,5089,arniqa,5089,100.0,0.6572406759677736,0.6639,0.05212359031635778,0.06220000000000003,-1.120868335277514,0.6485094623774985,0.008731213590275066,0.13631080178815863,0.028092647303792906
transportation,5089,ava,5089,100.0,0.39600864609943015,0.388,0.04909306321719885,0.066,0.5405579770072111,0.4127586235535131,-0.016749977454082965,-0.31868230468139425,-0.10105588887938999
transportation,5089,clip_quality_v0,5089,100.0,0.5223689275321756,0.5284925699234009,0.12119920015920307,0.16700655221939087,-0.3061662474247386,0.5086124747640728,0.013756452768102778,0.10760842017501433,0.033330588323565946
transportation,5089,liqe,5089,100.0,0.7686943752685542,0.7833619117736816,0.18150480442584127,0.28166162967681885,-0.7585653290683539,0.7535532533896899,0.015141121878864294,0.08063385741775796,0.020095301105790497
transportation,5089,spaq,5089,100.0,0.5895386126940461,0.61,0.11868956312321667,0.15900000000000003,-0.733870984857444,0.5804418636841813,0.00909674900986479,0.0688968746227065,0.00919344304291081
transportation,5089,topiq,5089,100.0,0.6021776969935153,0.6096,0.07194583050630723,0.08930000000000005,-0.956250294739225,0.5972613864127123,0.004916310580802996,0.06402473240712216,0.011297093599139885
beach,4584,general,4584,100.0,0.623252072425829,0.64095,0.1554772726433018,0.19017499999999998,-0.6660778366725584,0.6347278348248038,-0.011475762398974743,-0.06356127822003903,-0.026159837409493014
beach,4584,technical,4584,100.0,0.6272958987783596,0.64585,0.15290590179310679,0.18542499999999995,-0.7099401838108972,0.6564330955228395,-0.0291371967444799,-0.1612995249178009,-0.06323933217016708
beach,4584,aesthetic,4584,100.0,0.6212455279232112,0.6384,0.1849347008784071,0.26292499999999996,-0.4020371329979141,0.5867476541987986,0.0344978737244126,0.18538172848972853,0.051151213527212414
beach,4584,arniqa,4584,100.0,0.6438118891797556,0.6506,0.05134062727677727,0.05677500000000002,-1.2864827623016104,0.6494162352747117,-0.005604346094956081,-0.08746319042689113,-0.050561631253075334
beach,4584,ava,4584,100.0,0.4354240837696335,0.436,0.057666060677291436,0.08299999999999996,-0.02365125366261712,0.4101587375771489,0.025265346192484606,0.48229860079863673,0.12037840131563926
beach,4584,clip_quality_v0,4584,100.0,0.46116052395834817,0.4639441668987274,0.11228647241968025,0.148916557431221,-0.13653802276380433,0.5125669009864675,-0.05140637702811934,-0.40380215907546907,-0.11179502041697187
beach,4584,liqe,4584,100.0,0.7309926713577635,0.7318770587444305,0.1578375234237108,0.1918667107820511,-0.7642341660521726,0.7560339868331172,-0.02504131547535371,-0.1333967072020974,-0.05347667068009565
beach,4584,spaq,4584,100.0,0.5778564572425829,0.598,0.124935130057255,0.17400000000000004,-0.7263024305199482,0.581241116716381,-0.0033846594737980684,-0.025631432985033443,-0.013695770075111413
beach,4584,topiq,4584,100.0,0.5855345113438044,0.5908,0.06007612869875607,0.0696000000000001,-1.4034212960586243,0.598344220539114,-0.012809709195309549,-0.16692837734048183,-0.08186877533725306
cityscape,4386,general,4386,100.0,0.6599165754673962,0.6861,0.16923900828672855,0.23717500000000002,-0.7385346061193404,0.6324921406539173,0.027424434813478893,0.1519735477092231,0.04379590221263496
cityscape,4386,technical,4386,100.0,0.6954829001367989,0.7199,0.1763313854261893,0.23892500000000005,-0.7608237798235963,0.6522540928096512,0.043228807327147734,0.23950199680924725,0.06777243865587157
cityscape,4386,aesthetic,4386,100.0,0.5554080939352486,0.56515,0.13778266461639802,0.190475,-0.3486518735706163,0.5907999341969977,-0.03539184026174913,-0.190187431597712,-0.06298504304840252
cityscape,4386,arniqa,4386,100.0,0.6599069995440037,0.6654,0.050199345317100005,0.059900000000000064,-0.9838463168556089,0.648433291293679,0.011473708250324677,0.17917780605711586,0.03952364537913988
cityscape,4386,ava,4386,100.0,0.37909439124487,0.376,0.03312437748224113,0.039000000000000035,0.6490632270477195,0.41361418564163016,-0.03451979439676017,-0.6623665618044199,-0.21188684051795886
cityscape,4386,clip_quality_v0,4386,100.0,0.5138534828731718,0.5217829048633575,0.11784772552141706,0.1604236662387848,-0.30734464665691913,0.5092573906384674,0.004596092234704363,0.03594089952093657,0.013940778903691275
cityscape,4386,liqe,4386,100.0,0.8065386654732165,0.8522264957427979,0.18214618874600186,0.2779242694377899,-1.0613011716151988,0.7514237504881751,0.0551149149850414,0.29413350957101503,0.08958750385549596
cityscape,4386,spaq,4386,100.0,0.6012574099407205,0.618,0.10994197742464135,0.15300000000000002,-0.702531331039955,0.579824927687225,0.021432482253495477,0.16241594528381884,0.03205730067188994
cityscape,4386,topiq,4386,100.0,0.609900638394893,0.618,0.07282544735835611,0.09365000000000001,-0.8145059564953294,0.5968444171795961,0.013056221215296815,0.17014033548448118,0.04295419358261032
abstract,4181,general,4181,100.0,0.5308679263334131,0.5608,0.19316461359347892,0.25880000000000003,-0.45280413008064424,0.639944969241285,-0.1090770429078719,-0.6097987131118187,-0.1523931842314501
abstract,4181,technical,4181,100.0,0.5566924180817986,0.5919,0.20412526199870862,0.27040000000000003,-0.5640183754936879,0.6603080218728641,-0.10361560379106549,-0.5780633185511046,-0.1406538690404298
abstract,4181,aesthetic,4181,100.0,0.5047801482898828,0.4945,0.1940078157259473,0.30759999999999993,-0.026884484827221486,0.5935944675324675,-0.08881431924258465,-0.4796025520297722,-0.12241081987931773
abstract,4181,arniqa,4181,100.0,0.6331093039942597,0.6471,0.0769598469035935,0.0847,-1.2771241099838389,0.6499970663823271,-0.01688776238806744,-0.26396863273600474,-0.05946162384452364
abstract,4181,ava,4181,100.0,0.40399593398708444,0.405,0.04907595648578522,0.062,-0.2584013593970157,0.4120942011154855,-0.00809826712840106,-0.15369028985726374,-0.034750488836171156
abstract,4181,clip_quality_v0,4180,99.98,0.4964695792556094,0.49516408145427704,0.1312140587020086,0.17554957419633865,-0.06153055031340948,0.5102641952466377,-0.01379461599102827,-0.10790065971654596,-0.030149684568822444
abstract,4181,liqe,4181,100.0,0.6515290376646785,0.6835020184516907,0.21034886461401295,0.23837119340896606,-0.9295402120730829,0.7604377735010719,-0.10890873583639338,-0.584927624819131,-0.14586669320425022
abstract,4181,spaq,4181,100.0,0.5192626165988998,0.526,0.1477871688745852,0.23400000000000004,-0.32491803232581346,0.5845713992782151,-0.06530878267931528,-0.4976855361723126,-0.1227967701312832
abstract,4181,topiq,4181,100.0,0.5602924898349676,0.5795,0.09923613514111987,0.11180000000000001,-1.3602700617485748,0.5997163577209099,-0.03942386788594232,-0.5168440363928848,-0.11764027271969346
architecture,3679,general,3679,100.0,0.6721003261755911,0.699,0.17042298099820158,0.23915000000000008,-0.7550945051728651,0.6321468011730841,0.03995352500250704,0.22151315828826965,0.06508637856973365
architecture,3679,technical,3679,100.0,0.7170825767871705,0.7457,0.17254953477274715,0.23265000000000002,-0.8038995329512131,0.6515901265410308,0.0654924502461397,0.36337671670965926,0.10421312599106913
architecture,3679,aesthetic,3679,100.0,0.5658986409350367,0.5799,0.13938222371783154,0.1936,-0.47527887413740105,0.5899361863900504,-0.024037545455013687,-0.1290960293868012,-0.04407847855867192
architecture,3679,arniqa,3679,100.0,0.6663191356346834,0.6703,0.04805789357164532,0.06074999999999997,-0.7460675123170782,0.6482231419882152,0.01809599364646819,0.2828629199996669,0.07095045986419579
architecture,3679,ava,3679,100.0,0.3808456102201685,0.379,0.03146659114857271,0.038000000000000034,0.6693674312134537,0.4131953593830613,-0.032349749162892794,-0.6188696548076835,-0.2022707217759015
architecture,3679,clip_quality_v0,3679,100.0,0.5319796149684994,0.5355169177055359,0.11017429727038096,0.15149378776550293,-0.20627350842451508,0.5083956559000476,0.023583959068451787,0.1845597338417726,0.05312017933320501
architecture,3679,liqe,3679,100.0,0.8045729111668596,0.8490188121795654,0.18371720952114723,0.283542275428772,-0.9704560130399692,0.752050983971591,0.0525219271952686,0.28014578043831284,0.08798346013792091
architecture,3679,spaq,3679,100.0,0.6094340853492798,0.627,0.11108237292272251,0.15049999999999997,-0.7988608646161689,0.5796222336872403,0.02981185166203948,0.22601691674674562,0.05401263209864693
architecture,3679,topiq,3679,100.0,0.6248418320195706,0.6339,0.07067096669394213,0.09115000000000006,-0.8020437658609524,0.5962234338936107,0.0286183981259599,0.37382619254795785,0.10722011328414194
people,3413,general,3413,100.0,0.6039187225314973,0.62,0.173140800939777,0.2373,-0.5244542544345141,0.6354387118157959,-0.031519989284298666,-0.17467371266678125,-0.05226081774264424
people,3413,technical,3413,100.0,0.6354532669205978,0.6576,0.16602761260273322,0.21009999999999995,-0.7337710733434574,0.6555948591682675,-0.02014159224766976,-0.11144948238585797,-0.040167968230947204
people,3413,aesthetic,3413,100.0,0.5461616173454439,0.543,0.1681616424891595,0.22079999999999994,0.13590961385619227,0.5907609986742066,-0.04459938132876273,-0.23972510104676184,-0.07689076033024095
people,3413,arniqa,3413,100.0,0.6561342513917374,0.6617,0.04895846543981603,0.0534,-1.61120845731102,0.6487585119047619,0.007375739486975563,0.1151157340444498,0.017403676605414642
people,3413,ava,3413,100.0,0.3888165836507471,0.382,0.049821878452128265,0.05299999999999999,0.7960176314609663,0.41271091720779224,-0.023894333557045122,-0.45517332823808815,-0.14914572847414692
people,3413,clip_quality_v0,3413,100.0,0.5064149893036589,0.5092633962631226,0.1172853827782491,0.16720032691955566,-0.15076308006813344,0.5096615483555681,-0.0032465590519091814,-0.02538717677018469,-0.006824441296962636
people,3413,liqe,3413,100.0,0.7270116332898977,0.7294147610664368,0.1973045642342717,0.2894643545150757,-0.7362308760481564,0.755821106726299,-0.02880947343640128,-0.15347003066416567,-0.043092292017300304
people,3413,spaq,3413,100.0,0.5850706123644888,0.599,0.10613712124410012,0.14700000000000002,-0.6519922165073319,0.5808544101731602,0.004216202191328566,0.0319286619651927,-0.011169094184095507
people,3413,topiq,3413,100.0,0.5785323176091415,0.5896,0.07374155020516664,0.08479999999999999,-1.3761936497791019,0.5984645982142858,-0.019932280605144292,-0.25991342756447205,-0.08890056865555035
flowers,3042,general,3042,100.0,0.646739349112426,0.65625,0.16254003474146225,0.22462499999999996,-0.5196130860734529,0.6335278735748227,0.013211475537603379,0.07317410484878342,0.013443758585458987
flowers,3042,technical,3042,100.0,0.6774750164365548,0.6984,0.16051453324701923,0.21384999999999998,-0.7555420676323569,0.6537735573234261,0.02370145911312871,0.13115555664509937,0.03074089774494637
flowers,3042,aesthetic,3042,100.0,0.5810867850098619,0.58495,0.1880410021342225,0.2842500000000001,-0.07347875898445247,0.5891081465627481,-0.008021361552886241,-0.043064772366078315,-0.01592199061834687
flowers,3042,arniqa,3042,100.0,0.6706982248520711,0.6764,0.0467932786569048,0.0563499999999999,-1.0830903002585575,0.6481989931485644,0.02249923170350665,0.35187556688280414,0.10218919812022875
flowers,3042,ava,3042,100.0,0.4069937541091387,0.403,0.05149971467957498,0.07100000000000001,0.23965335984414157,0.4118472897120782,-0.004853535602939496,-0.09207038049884027,-0.031236642589192398
flowers,3042,clip_quality_v0,3042,100.0,0.5339952384187233,0.5383255481719971,0.10354655484715827,0.1469927579164505,-0.2668271284742953,0.5085154029154954,0.025479835503227966,0.1993921119948566,0.05953974175795429
flowers,3042,liqe,3042,100.0,0.7755030061186808,0.7661324739456177,0.1479075241920411,0.21348494291305542,-0.5595729568557001,0.7536916553689331,0.021811350749747715,0.11616247702192663,0.019236087114744227
flowers,3042,spaq,3042,100.0,0.580207100591716,0.6,0.13098947487361084,0.1905000000000001,-0.594896467138631,0.5810746119987618,-0.0008675114070457735,-0.006569396864293232,-0.004224414805764354
flowers,3042,topiq,3042,100.0,0.6002089086127548,0.61015,0.07081868091668711,0.0891749999999999,-1.002873209560467,0.5974774656418677,0.0027314429708871213,0.03556773942945261,0.005430945333921078
