ranked_by,decile,decile_lo_score,decile_hi_score,images,dimension,n,mean
general,1,0.039,0.393,7733,general,7733,0.27219371524634683
general,1,0.039,0.393,7733,technical,7733,0.28836454157506675
general,1,0.039,0.393,7733,aesthetic,7733,0.29454920470709944
general,1,0.039,0.393,7733,arniqa,7733,0.5497905082115624
general,1,0.039,0.393,7733,ava,7733,0.3712594077330921
general,1,0.039,0.393,7733,clip_quality_v0,7729,0.36799767110881104
general,1,0.039,0.393,7733,liqe,7733,0.41513254881676165
general,1,0.039,0.393,7733,spaq,7733,0.3709396094659247
general,1,0.039,0.393,7733,topiq,7733,0.4562982025087283
general,2,0.393,0.493,7733,general,7733,0.44731837579205985
general,2,0.393,0.493,7733,technical,7733,0.4761710849605576
general,2,0.393,0.493,7733,aesthetic,7733,0.41943941549204583
general,2,0.393,0.493,7733,arniqa,7733,0.6091300918143036
general,2,0.393,0.493,7733,ava,7733,0.38756071382387147
general,2,0.393,0.493,7733,clip_quality_v0,7729,0.42594915254237176
general,2,0.393,0.493,7733,liqe,7733,0.608654855812751
general,2,0.393,0.493,7733,spaq,7733,0.47562550109918666
general,2,0.393,0.493,7733,topiq,7733,0.5508666752877273
general,3,0.493,0.556,7733,general,7733,0.5263461787146003
general,3,0.493,0.556,7733,technical,7733,0.5594580369843525
general,3,0.493,0.556,7733,aesthetic,7733,0.4862522953575599
general,3,0.493,0.556,7733,arniqa,7733,0.6306937799043083
general,3,0.493,0.556,7733,ava,7733,0.3933099702573387
general,3,0.493,0.556,7733,clip_quality_v0,7729,0.45703325139086604
general,3,0.493,0.556,7733,liqe,7733,0.6661422475106686
general,3,0.493,0.556,7733,spaq,7733,0.5258092590197865
general,3,0.493,0.556,7733,topiq,7733,0.5763011767748615
general,4,0.556,0.606,7733,general,7733,0.582053924738121
general,4,0.556,0.606,7733,technical,7733,0.6139900426742537
general,4,0.556,0.606,7733,aesthetic,7733,0.5358099055993792
general,4,0.556,0.606,7733,arniqa,7733,0.6428203801888015
general,4,0.556,0.606,7733,ava,7733,0.39915582568214075
general,4,0.556,0.606,7733,clip_quality_v0,7733,0.47592370360791586
general,4,0.556,0.606,7733,liqe,7733,0.7096522694943741
general,4,0.556,0.606,7733,spaq,7733,0.5599597827492577
general,4,0.556,0.606,7733,topiq,7733,0.591772016035173
general,5,0.606,0.652,7733,general,7733,0.6291863442389695
general,5,0.606,0.652,7733,technical,7733,0.6576932626406331
general,5,0.606,0.652,7733,aesthetic,7733,0.5761907409802148
general,5,0.606,0.652,7733,arniqa,7733,0.6526620975042029
general,5,0.606,0.652,7733,ava,7733,0.4054445881287979
general,5,0.606,0.652,7733,clip_quality_v0,7729,0.4943983697761664
general,5,0.606,0.652,7733,liqe,7733,0.752154144575199
general,5,0.606,0.652,7733,spaq,7733,0.5833898874951525
general,5,0.606,0.652,7733,topiq,7733,0.603523212207422
general,6,0.652,0.695,7733,general,7733,0.6736141212983221
general,6,0.652,0.695,7733,technical,7733,0.700723393249712
general,6,0.652,0.695,7733,aesthetic,7733,0.6118664166558906
general,6,0.652,0.695,7733,arniqa,7733,0.6631522048364175
general,6,0.652,0.695,7733,ava,7733,0.41108366739945523
general,6,0.652,0.695,7733,clip_quality_v0,7727,0.5171740649669976
general,6,0.652,0.695,7733,liqe,7733,0.7925617483512226
general,6,0.652,0.695,7733,spaq,7733,0.6035673089357304
general,6,0.652,0.695,7733,topiq,7733,0.6161825940773294
general,7,0.695,0.741,7733,general,7733,0.7182740204319017
general,7,0.695,0.741,7733,technical,7733,0.7379437475753268
general,7,0.695,0.741,7733,aesthetic,7733,0.6552767360662097
general,7,0.695,0.741,7733,arniqa,7733,0.6698582697530076
general,7,0.695,0.741,7733,ava,7733,0.4185307125307127
general,7,0.695,0.741,7733,clip_quality_v0,7729,0.5392607064303254
general,7,0.695,0.741,7733,liqe,7733,0.8328264580369847
general,7,0.695,0.741,7733,spaq,7733,0.6282700116384324
general,7,0.695,0.741,7733,topiq,7733,0.6240080175869642
general,8,0.742,0.795,7733,general,7733,0.767079141342306
general,8,0.742,0.795,7733,technical,7733,0.7812547523600131
general,8,0.742,0.795,7733,aesthetic,7733,0.7023229018492181
general,8,0.742,0.795,7733,arniqa,7733,0.6772397517134318
general,8,0.742,0.795,7733,ava,7733,0.42598021466442326
general,8,0.742,0.795,7733,clip_quality_v0,7731,0.5625105419738723
general,8,0.742,0.795,7733,liqe,7733,0.8734774343721681
general,8,0.742,0.795,7733,spaq,7733,0.6566639079270646
general,8,0.742,0.795,7733,topiq,7733,0.6357606362343192
general,9,0.795,0.857,7733,general,7733,0.8250541833699675
general,9,0.795,0.857,7733,technical,7733,0.8321247898616354
general,9,0.795,0.857,7733,aesthetic,7733,0.7603823871718615
general,9,0.795,0.857,7733,arniqa,7733,0.6889696107590826
general,9,0.795,0.857,7733,ava,7733,0.43888012414328326
general,9,0.795,0.857,7733,clip_quality_v0,7727,0.5968629481040496
general,9,0.795,0.857,7733,liqe,7733,0.921960300012923
general,9,0.795,0.857,7733,spaq,7733,0.6859415492047014
general,9,0.795,0.857,7733,topiq,7733,0.6488428811586711
general,10,0.857,1.0,7734,general,7734,0.8993109645720109
general,10,0.857,1.0,7734,technical,7734,0.8992989397465726
general,10,0.857,1.0,7734,aesthetic,7734,0.8458028187225222
general,10,0.857,1.0,7734,arniqa,7734,0.7065090509438835
general,10,0.857,1.0,7734,ava,7734,0.4653429014740115
general,10,0.857,1.0,7734,clip_quality_v0,7731,0.6580505756047095
general,10,0.857,1.0,7734,liqe,7734,0.9728705715024314
general,10,0.857,1.0,7734,spaq,7734,0.7201904577191628
general,10,0.857,1.0,7734,topiq,7734,0.6722681665373681
technical,1,0.031,0.406,7733,general,7733,0.2804104487262391
technical,1,0.031,0.406,7733,technical,7733,0.2789838355101505
technical,1,0.031,0.406,7733,aesthetic,7733,0.3187911547911549
technical,1,0.031,0.406,7733,arniqa,7733,0.5372153110047847
technical,1,0.031,0.406,7733,ava,7733,0.3797638691322896
technical,1,0.031,0.406,7733,clip_quality_v0,7729,0.3673145296933634
technical,1,0.031,0.406,7733,liqe,7733,0.4272176386913235
technical,1,0.031,0.406,7733,spaq,7733,0.37879322384585407
technical,1,0.031,0.406,7733,topiq,7733,0.44956394672184047
technical,2,0.406,0.518,7733,general,7733,0.455815595499806
technical,2,0.406,0.518,7733,technical,7733,0.46861722488038343
technical,2,0.406,0.518,7733,aesthetic,7733,0.4451942325100218
technical,2,0.406,0.518,7733,arniqa,7733,0.6023104875210161
technical,2,0.406,0.518,7733,ava,7733,0.39638380964696623
technical,2,0.406,0.518,7733,clip_quality_v0,7728,0.42711542443064193
technical,2,0.406,0.518,7733,liqe,7733,0.617366739945686
technical,2,0.406,0.518,7733,spaq,7733,0.4849332729859056
technical,2,0.406,0.518,7733,topiq,7733,0.5422048364153589
technical,3,0.518,0.586,7733,general,7733,0.530776542092332
technical,3,0.518,0.586,7733,technical,7733,0.5539759472391049
technical,3,0.518,0.586,7733,aesthetic,7733,0.5034935988620175
technical,3,0.518,0.586,7733,arniqa,7733,0.6266114056640355
technical,3,0.518,0.586,7733,ava,7733,0.3991156084313978
technical,3,0.518,0.586,7733,clip_quality_v0,7730,0.46059974126778896
technical,3,0.518,0.586,7733,liqe,7733,0.6689270658218064
technical,3,0.518,0.586,7733,spaq,7733,0.532803569119361
technical,3,0.518,0.586,7733,topiq,7733,0.5701602224233799
technical,4,0.586,0.637,7733,general,7733,0.5845387301176765
technical,4,0.586,0.637,7733,technical,7733,0.6122810034915254
technical,4,0.586,0.637,7733,aesthetic,7733,0.5396384326910634
technical,4,0.586,0.637,7733,arniqa,7733,0.6429755592913489
technical,4,0.586,0.637,7733,ava,7733,0.4030928488296912
technical,4,0.586,0.637,7733,clip_quality_v0,7730,0.4783683053040123
technical,4,0.586,0.637,7733,liqe,7733,0.7168293029871958
technical,4,0.586,0.637,7733,spaq,7733,0.5555638174059252
technical,4,0.586,0.637,7733,topiq,7733,0.589858528384843
technical,5,0.637,0.68,7733,general,7733,0.6304434242855294
technical,5,0.637,0.68,7733,technical,7733,0.6587868873658357
technical,5,0.637,0.68,7733,aesthetic,7733,0.5776694685115742
technical,5,0.637,0.68,7733,arniqa,7733,0.6537876632613504
technical,5,0.637,0.68,7733,ava,7733,0.40780615543773296
technical,5,0.637,0.68,7733,clip_quality_v0,7729,0.500597748738519
technical,5,0.637,0.68,7733,liqe,7733,0.7540102159575862
technical,5,0.637,0.68,7733,spaq,7733,0.5801099185309685
technical,5,0.637,0.68,7733,topiq,7733,0.6046520108625382
technical,6,0.68,0.721,7733,general,7733,0.6737990430622001
technical,6,0.68,0.721,7733,technical,7733,0.7009543514806743
technical,6,0.68,0.721,7733,aesthetic,7733,0.6174660545713184
technical,6,0.68,0.721,7733,arniqa,7733,0.6636081727660678
technical,6,0.68,0.721,7733,ava,7733,0.4126388206388195
technical,6,0.68,0.721,7733,clip_quality_v0,7727,0.5175165005823735
technical,6,0.68,0.721,7733,liqe,7733,0.7870550885814056
technical,6,0.68,0.721,7733,spaq,7733,0.6071853097116274
technical,6,0.68,0.721,7733,topiq,7733,0.615710849605586
technical,7,0.721,0.762,7733,general,7733,0.7154456226561482
technical,7,0.721,0.762,7733,technical,7733,0.7413694555799836
technical,7,0.721,0.762,7733,aesthetic,7733,0.6473689383163076
technical,7,0.721,0.762,7733,arniqa,7733,0.673319151687571
technical,7,0.721,0.762,7733,ava,7733,0.41591659123238056
technical,7,0.721,0.762,7733,clip_quality_v0,7729,0.5399082675637207
technical,7,0.721,0.762,7733,liqe,7733,0.8280289667658095
technical,7,0.721,0.762,7733,spaq,7733,0.6256645545066603
technical,7,0.721,0.762,7733,topiq,7733,0.6271117289538335
technical,8,0.762,0.808,7733,general,7733,0.7628543902754418
technical,8,0.762,0.808,7733,technical,7733,0.7842331566015631
technical,8,0.762,0.808,7733,aesthetic,7733,0.6910349152980717
technical,8,0.762,0.808,7733,arniqa,7733,0.6819804732962621
technical,8,0.762,0.808,7733,ava,7733,0.4242234579076683
technical,8,0.762,0.808,7733,clip_quality_v0,7730,0.5630391979301412
technical,8,0.762,0.808,7733,liqe,7733,0.8693375145480408
technical,8,0.762,0.808,7733,spaq,7733,0.6495122203543264
technical,8,0.762,0.808,7733,topiq,7733,0.6392879865511432
technical,9,0.808,0.867,7733,general,7733,0.818758825811455
technical,9,0.808,0.867,7733,technical,7733,0.8365047200310247
technical,9,0.808,0.867,7733,aesthetic,7733,0.7454215698952517
technical,9,0.808,0.867,7733,arniqa,7733,0.6933541963015657
technical,9,0.808,0.867,7733,ava,7733,0.4340515970515971
technical,9,0.808,0.867,7733,clip_quality_v0,7731,0.5899359720605359
technical,9,0.808,0.867,7733,liqe,7733,0.9126412776412723
technical,9,0.808,0.867,7733,spaq,7733,0.6810241820768143
technical,9,0.808,0.867,7733,topiq,7733,0.6546839518944763
technical,10,0.867,1.0,7734,general,7734,0.8875898629428517
technical,10,0.867,1.0,7734,technical,7734,0.9113144556503702
technical,10,0.867,1.0,7734,aesthetic,7734,0.8018201448151034
technical,10,0.867,1.0,7734,arniqa,7734,0.7156621411947213
technical,10,0.867,1.0,7734,ava,7734,0.4435581846392543
technical,10,0.867,1.0,7734,clip_quality_v0,7731,0.6507129737420773
technical,10,0.867,1.0,7734,liqe,7734,0.964019912076522
technical,10,0.867,1.0,7734,spaq,7734,0.7147679079389702
technical,10,0.867,1.0,7734,topiq,7734,0.6825881820532722
aesthetic,1,0.016,0.339,7733,general,7733,0.32050872882451875
aesthetic,1,0.016,0.339,7733,technical,7733,0.3625545066597696
aesthetic,1,0.016,0.339,7733,aesthetic,7733,0.2473769559032722
aesthetic,1,0.016,0.339,7733,arniqa,7733,0.5797299883615661
aesthetic,1,0.016,0.339,7733,ava,7733,0.34926781326781264
aesthetic,1,0.016,0.339,7733,clip_quality_v0,7732,0.3964059751681316
aesthetic,1,0.016,0.339,7733,liqe,7733,0.5167021854390291
aesthetic,1,0.016,0.339,7733,spaq,7733,0.3457700762963931
aesthetic,1,0.016,0.339,7733,topiq,7733,0.49205702832018694
aesthetic,2,0.339,0.424,7733,general,7733,0.4859196948144314
aesthetic,2,0.339,0.424,7733,technical,7733,0.528674511832408
aesthetic,2,0.339,0.424,7733,aesthetic,7733,0.38499818957713566
aesthetic,2,0.339,0.424,7733,arniqa,7733,0.6333144963144962
aesthetic,2,0.339,0.424,7733,ava,7733,0.3785661450924618
aesthetic,2,0.339,0.424,7733,clip_quality_v0,7732,0.45993882565959754
aesthetic,2,0.339,0.424,7733,liqe,7733,0.6931779387042526
aesthetic,2,0.339,0.424,7733,spaq,7733,0.4454995473942852
aesthetic,2,0.339,0.424,7733,topiq,7733,0.5719927583085476
aesthetic,3,0.424,0.488,7733,general,7733,0.5456037760248281
aesthetic,3,0.424,0.488,7733,technical,7733,0.5817052890210794
aesthetic,3,0.424,0.488,7733,aesthetic,7733,0.4569121944911475
aesthetic,3,0.424,0.488,7733,arniqa,7733,0.6398184404500203
aesthetic,3,0.424,0.488,7733,ava,7733,0.3871259537048999
aesthetic,3,0.424,0.488,7733,clip_quality_v0,7731,0.47911512094166353
aesthetic,3,0.424,0.488,7733,liqe,7733,0.7269182723393232
aesthetic,3,0.424,0.488,7733,spaq,7733,0.4992994956679173
aesthetic,3,0.424,0.488,7733,topiq,7733,0.5857413681624206
aesthetic,4,0.488,0.545,7733,general,7733,0.5901633260054312
aesthetic,4,0.488,0.545,7733,technical,7733,0.6202237165395056
aesthetic,4,0.488,0.545,7733,aesthetic,7733,0.5171862149230626
aesthetic,4,0.488,0.545,7733,arniqa,7733,0.643499676710202
aesthetic,4,0.488,0.545,7733,ava,7733,0.3944851933272974
aesthetic,4,0.488,0.545,7733,clip_quality_v0,7730,0.49016119016817555
aesthetic,4,0.488,0.545,7733,liqe,7733,0.7453406181300917
aesthetic,4,0.488,0.545,7733,spaq,7733,0.5446482607008929
aesthetic,4,0.488,0.545,7733,topiq,7733,0.594326393379027
aesthetic,5,0.545,0.6,7733,general,7733,0.6303822578559398
aesthetic,5,0.545,0.6,7733,technical,7733,0.6560549592654843
aesthetic,5,0.545,0.6,7733,aesthetic,7733,0.5727373593689239
aesthetic,5,0.545,0.6,7733,arniqa,7733,0.6478064140695717
aesthetic,5,0.545,0.6,7733,ava,7733,0.40156627440837844
aesthetic,5,0.545,0.6,7733,clip_quality_v0,7729,0.4983428645361652
aesthetic,5,0.545,0.6,7733,liqe,7733,0.7595600672442789
aesthetic,5,0.545,0.6,7733,spaq,7733,0.5858167593430754
aesthetic,5,0.545,0.6,7733,topiq,7733,0.6027721453510917
aesthetic,6,0.6,0.652,7733,general,7733,0.663202508728823
aesthetic,6,0.6,0.652,7733,technical,7733,0.6858431397905108
aesthetic,6,0.6,0.652,7733,aesthetic,7733,0.6260669856459314
aesthetic,6,0.6,0.652,7733,arniqa,7733,0.6527286952023797
aesthetic,6,0.6,0.652,7733,ava,7733,0.40894413552308156
aesthetic,6,0.6,0.652,7733,clip_quality_v0,7730,0.5062918499353172
aesthetic,6,0.6,0.652,7733,liqe,7733,0.7618938316306727
aesthetic,6,0.6,0.652,7733,spaq,7733,0.6261083667399467
aesthetic,6,0.6,0.652,7733,topiq,7733,0.6080668563300148
aesthetic,7,0.652,0.705,7733,general,7733,0.6979322384585545
aesthetic,7,0.652,0.705,7733,technical,7733,0.7161372041898346
aesthetic,7,0.652,0.705,7733,aesthetic,7733,0.6785442907021864
aesthetic,7,0.652,0.705,7733,arniqa,7733,0.6591198758567174
aesthetic,7,0.652,0.705,7733,ava,7733,0.41846114056640266
aesthetic,7,0.652,0.705,7733,clip_quality_v0,7727,0.5198189465510552
aesthetic,7,0.652,0.705,7733,liqe,7733,0.7713641536273075
aesthetic,7,0.652,0.705,7733,spaq,7733,0.6605402819087021
aesthetic,7,0.652,0.705,7733,topiq,7733,0.6132846243372571
aesthetic,8,0.705,0.758,7733,general,7733,0.7444807965860624
aesthetic,8,0.705,0.758,7733,technical,7733,0.7566658476658483
aesthetic,8,0.705,0.758,7733,aesthetic,7733,0.7316020949178735
aesthetic,8,0.705,0.758,7733,arniqa,7733,0.6697978792189304
aesthetic,8,0.705,0.758,7733,ava,7733,0.4323199275830875
aesthetic,8,0.705,0.758,7733,clip_quality_v0,7730,0.5501930142302733
aesthetic,8,0.705,0.758,7733,liqe,7733,0.8050518556834301
aesthetic,8,0.705,0.758,7733,spaq,7733,0.6844017845596773
aesthetic,8,0.705,0.758,7733,topiq,7733,0.6234977369714221
aesthetic,9,0.758,0.828,7733,general,7733,0.7943735936893853
aesthetic,9,0.758,0.828,7733,technical,7733,0.7933032458295589
aesthetic,9,0.758,0.828,7733,aesthetic,7733,0.791193327298591
aesthetic,9,0.758,0.828,7733,arniqa,7733,0.6772908315013573
aesthetic,9,0.758,0.828,7733,ava,7733,0.45391503944135625
aesthetic,9,0.758,0.828,7733,clip_quality_v0,7725,0.575412944983819
aesthetic,9,0.758,0.828,7733,liqe,7733,0.8495199793094483
aesthetic,9,0.758,0.828,7733,spaq,7733,0.6999961205224363
aesthetic,9,0.758,0.828,7733,topiq,7733,0.6336847277899905
aesthetic,10,0.828,1.0,7734,general,7734,0.8678681148176889
aesthetic,10,0.828,1.0,7734,technical,7734,0.8458670804240974
aesthetic,10,0.828,1.0,7734,aesthetic,7734,0.8812706232221402
aesthetic,10,0.828,1.0,7734,arniqa,7734,0.6877218774243588
aesthetic,10,0.828,1.0,7734,ava,7734,0.4918930695629695
aesthetic,10,0.828,1.0,7734,clip_quality_v0,7728,0.6196101190476183
aesthetic,10,0.828,1.0,7734,liqe,7734,0.9159110421515283
aesthetic,10,0.828,1.0,7734,spaq,7734,0.7182768295836544
aesthetic,10,0.828,1.0,7734,topiq,7734,0.6504027670028449
arniqa,1,0.156,0.574,7733,general,7733,0.3666451571188428
arniqa,1,0.156,0.574,7733,technical,7733,0.34628346049398756
arniqa,1,0.156,0.574,7733,aesthetic,7733,0.406164748480539
arniqa,1,0.156,0.574,7733,arniqa,7733,0.51103129445235
arniqa,1,0.156,0.574,7733,ava,7733,0.38462188025345795
arniqa,1,0.156,0.574,7733,clip_quality_v0,7729,0.36987643938413783
arniqa,1,0.156,0.574,7733,liqe,7733,0.5041242725979568
arniqa,1,0.156,0.574,7733,spaq,7733,0.44997245570929584
arniqa,1,0.156,0.574,7733,topiq,7733,0.4885039441355221
arniqa,2,0.574,0.61,7733,general,7733,0.5104108366739937
arniqa,2,0.574,0.61,7733,technical,7733,0.5135444200181045
arniqa,2,0.574,0.61,7733,aesthetic,7733,0.5179818957713701
arniqa,2,0.574,0.61,7733,arniqa,7733,0.5940984094142194
arniqa,2,0.574,0.61,7733,ava,7733,0.40358593042803687
arniqa,2,0.574,0.61,7733,clip_quality_v0,7731,0.4493780882162716
arniqa,2,0.574,0.61,7733,liqe,7733,0.6394814431656554
arniqa,2,0.574,0.61,7733,spaq,7733,0.5425393766972714
arniqa,2,0.574,0.61,7733,topiq,7733,0.5598594335962757
arniqa,3,0.61,0.63,7733,general,7733,0.5656538212853999
arniqa,3,0.61,0.63,7733,technical,7733,0.5782081986292528
arniqa,3,0.61,0.63,7733,aesthetic,7733,0.5494246734773037
arniqa,3,0.61,0.63,7733,arniqa,7733,0.620437605069151
arniqa,3,0.61,0.63,7733,ava,7733,0.40678960300012934
arniqa,3,0.61,0.63,7733,clip_quality_v0,7730,0.4755737386804674
arniqa,3,0.61,0.63,7733,liqe,7733,0.6908344756239481
arniqa,3,0.61,0.63,7733,spaq,7733,0.562271304797622
arniqa,3,0.61,0.63,7733,topiq,7733,0.5784082503556189
arniqa,4,0.63,0.645,7734,general,7734,0.6080558572536886
arniqa,4,0.63,0.645,7734,technical,7734,0.6243001034393588
arniqa,4,0.63,0.645,7734,aesthetic,7734,0.5788042410137055
arniqa,4,0.63,0.645,7734,arniqa,7734,0.6378589345746396
arniqa,4,0.63,0.645,7734,ava,7734,0.4103175588311346
arniqa,4,0.63,0.645,7734,clip_quality_v0,7729,0.4984697891059654
arniqa,4,0.63,0.645,7734,liqe,7734,0.7288893198862133
arniqa,4,0.63,0.645,7734,spaq,7734,0.5802191621411952
arniqa,4,0.63,0.645,7734,topiq,7734,0.5901468838893177
arniqa,5,0.645,0.659,7733,general,7732,0.6394063631660621
arniqa,5,0.645,0.659,7733,technical,7732,0.6609414123124687
arniqa,5,0.645,0.659,7733,aesthetic,7732,0.5931796430419034
arniqa,5,0.645,0.659,7733,arniqa,7733,0.652222811328111
arniqa,5,0.645,0.659,7733,ava,7733,0.41093404888141727
arniqa,5,0.645,0.659,7733,clip_quality_v0,7727,0.513529571631939
arniqa,5,0.645,0.659,7733,liqe,7733,0.7613816112763435
arniqa,5,0.645,0.659,7733,spaq,7733,0.5891262123367407
arniqa,5,0.645,0.659,7733,topiq,7733,0.6011453510927188
arniqa,6,0.659,0.671,7733,general,7732,0.6734371443352288
arniqa,6,0.659,0.671,7733,technical,7732,0.6979105018106565
arniqa,6,0.659,0.671,7733,aesthetic,7732,0.6154385669943097
arniqa,6,0.659,0.671,7733,arniqa,7733,0.665012802276002
arniqa,6,0.659,0.671,7733,ava,7733,0.4138847795163578
arniqa,6,0.659,0.671,7733,clip_quality_v0,7726,0.5286800414185872
arniqa,6,0.659,0.671,7733,liqe,7733,0.7929253847148572
arniqa,6,0.659,0.671,7733,spaq,7733,0.6015973102288911
arniqa,6,0.659,0.671,7733,topiq,7733,0.6121008664166593
arniqa,7,0.671,0.684,7734,general,7734,0.697699637962245
arniqa,7,0.671,0.684,7734,technical,7734,0.7265156452029964
arniqa,7,0.671,0.684,7734,aesthetic,7734,0.6284948280320679
arniqa,7,0.671,0.684,7734,arniqa,7734,0.6776309800878918
arniqa,7,0.671,0.684,7734,ava,7734,0.4159539694853895
arniqa,7,0.671,0.684,7734,clip_quality_v0,7731,0.5374678566808964
arniqa,7,0.671,0.684,7734,liqe,7734,0.8159331523144558
arniqa,7,0.671,0.684,7734,spaq,7734,0.6081905870183617
arniqa,7,0.671,0.684,7734,topiq,7734,0.62013356607189
arniqa,8,0.684,0.698,7733,general,7733,0.7214493728177929
arniqa,8,0.684,0.698,7733,technical,7733,0.7561304797620616
arniqa,8,0.684,0.698,7733,aesthetic,7733,0.6411444458812884
arniqa,8,0.684,0.698,7733,arniqa,7733,0.6909702573386974
arniqa,8,0.684,0.698,7733,ava,7733,0.41829419371524496
arniqa,8,0.684,0.698,7733,clip_quality_v0,7728,0.5446626552795002
arniqa,8,0.684,0.698,7733,liqe,7733,0.8368551661709553
arniqa,8,0.684,0.698,7733,spaq,7733,0.613745376955906
arniqa,8,0.684,0.698,7733,topiq,7733,0.6297165395060108
arniqa,9,0.698,0.717,7733,general,7733,0.7483496702444106
arniqa,9,0.698,0.717,7733,technical,7733,0.7897581792318639
arniqa,9,0.698,0.717,7733,aesthetic,7733,0.6514297167981388
arniqa,9,0.698,0.717,7733,arniqa,7733,0.707165136428301
arniqa,9,0.698,0.717,7733,ava,7733,0.4201104357946453
arniqa,9,0.698,0.717,7733,clip_quality_v0,7731,0.5656550252231272
arniqa,9,0.698,0.717,7733,liqe,7733,0.8645536014483337
arniqa,9,0.698,0.717,7733,spaq,7733,0.6176145092460888
arniqa,9,0.698,0.717,7733,topiq,7733,0.6398097762834609
arniqa,10,0.717,0.827,7734,general,7734,0.8093356607189035
arniqa,10,0.717,0.827,7734,technical,7734,0.8534371605896056
arniqa,10,0.717,0.827,7734,aesthetic,7734,0.7058483320403408
arniqa,10,0.717,0.827,7734,arniqa,7734,0.7343934574605638
arniqa,10,0.717,0.827,7734,ava,7734,0.4320682699767259
arniqa,10,0.717,0.827,7734,clip_quality_v0,7732,0.6118494568028982
arniqa,10,0.717,0.827,7734,liqe,7734,0.9104866821825565
arniqa,10,0.717,0.827,7734,spaq,7734,0.6451168864753043
arniqa,10,0.717,0.827,7734,topiq,7734,0.6560080165502996
ava,1,0.136,0.349,7733,general,7733,0.46115841200051816
ava,1,0.136,0.349,7733,technical,7733,0.5209636622268213
ava,1,0.136,0.349,7733,aesthetic,7733,0.34544096728307283
ava,1,0.136,0.349,7733,arniqa,7733,0.6111594465278646
ava,1,0.136,0.349,7733,ava,7733,0.32102767360662604
ava,1,0.136,0.349,7733,clip_quality_v0,7733,0.4419723263933792
ava,1,0.136,0.349,7733,liqe,7733,0.62270283201862
ava,1,0.136,0.349,7733,spaq,7733,0.485314366998579
ava,1,0.136,0.349,7733,topiq,7733,0.5397765420923316
ava,2,0.349,0.37,7733,general,7733,0.5679861631966892
ava,2,0.349,0.37,7733,technical,7733,0.6185761024182077
ava,2,0.349,0.37,7733,aesthetic,7733,0.4580395706711497
ava,2,0.349,0.37,7733,arniqa,7733,0.6453570412517802
ava,2,0.349,0.37,7733,ava,7733,0.36015194620458857
ava,2,0.349,0.37,7733,clip_quality_v0,7731,0.4885272280429448
ava,2,0.349,0.37,7733,liqe,7733,0.7301214276477423
ava,2,0.349,0.37,7733,spaq,7733,0.547375921375921
ava,2,0.349,0.37,7733,topiq,7733,0.58950342687185
ava,3,0.37,0.385,7733,general,7733,0.5904167852062562
ava,3,0.37,0.385,7733,technical,7733,0.631786628733998
ava,3,0.37,0.385,7733,aesthetic,7733,0.49910772016035154
ava,3,0.37,0.385,7733,arniqa,7733,0.6470393120393109
ava,3,0.37,0.385,7733,ava,7733,0.3772182852708979
ava,3,0.37,0.385,7733,clip_quality_v0,7731,0.4943911525029089
ava,3,0.37,0.385,7733,liqe,7733,0.7420523729471084
ava,3,0.37,0.385,7733,spaq,7733,0.5566886072675552
ava,3,0.37,0.385,7733,topiq,7733,0.5948627958101642
ava,4,0.385,0.398,7734,general,7734,0.6037172226532186
ava,4,0.385,0.398,7734,technical,7734,0.63750943884148
ava,4,0.385,0.398,7734,aesthetic,7734,0.5315134471166287
ava,4,0.385,0.398,7734,arniqa,7734,0.6464410395655561
ava,4,0.385,0.398,7734,ava,7734,0.39139190587020445
ava,4,0.385,0.398,7734,clip_quality_v0,7733,0.4950840553472137
ava,4,0.385,0.398,7734,liqe,7734,0.7446828290664569
ava,4,0.385,0.398,7734,spaq,7734,0.5638387638996645
ava,4,0.385,0.398,7734,topiq,7734,0.59784690974916
ava,5,0.398,0.41,7733,general,7733,0.6247378766326142
ava,5,0.398,0.41,7733,technical,7733,0.6506377861114719
ava,5,0.398,0.41,7733,aesthetic,7733,0.5674348894348878
ava,5,0.398,0.41,7733,arniqa,7733,0.6474730376309337
ava,5,0.398,0.41,7733,ava,7733,0.40411909996120055
ava,5,0.398,0.41,7733,clip_quality_v0,7728,0.5048465320910981
ava,5,0.398,0.41,7733,liqe,7733,0.7552688477951625
ava,5,0.398,0.41,7733,spaq,7733,0.5756818828397793
ava,5,0.398,0.41,7733,topiq,7733,0.6013716539506011
ava,6,0.41,0.423,7733,general,7733,0.6302198370619413
ava,6,0.41,0.423,7733,technical,7733,0.6491595758437873
ava,6,0.41,0.423,7733,aesthetic,7733,0.5962799689641792
ava,6,0.41,0.423,7733,arniqa,7733,0.6479008146902913
ava,6,0.41,0.423,7733,ava,7733,0.4164780809517264
ava,6,0.41,0.423,7733,clip_quality_v0,7728,0.5088979037267091
ava,6,0.41,0.423,7733,liqe,7733,0.7463412647096883
ava,6,0.41,0.423,7733,spaq,7733,0.5841009957325767
ava,6,0.41,0.423,7733,topiq,7733,0.5986467089098667
ava,7,0.423,0.436,7734,general,7734,0.657376131367988
ava,7,0.423,0.436,7734,technical,7734,0.6701989914662521
ava,7,0.423,0.436,7734,aesthetic,7734,0.6382289888802682
ava,7,0.423,0.436,7734,arniqa,7734,0.6517522627359696
ava,7,0.423,0.436,7734,ava,7734,0.42937432117922986
ava,7,0.423,0.436,7734,clip_quality_v0,7731,0.5160811020566559
ava,7,0.423,0.436,7734,liqe,7734,0.7585243082492892
ava,7,0.423,0.436,7734,spaq,7734,0.6014749159555225
ava,7,0.423,0.436,7734,topiq,7734,0.6047182570468045
ava,8,0.436,0.453,7733,general,7731,0.6913610140990828
ava,8,0.436,0.453,7733,technical,7731,0.6954806622687888
ava,8,0.436,0.453,7733,aesthetic,7731,0.685975941016686
ava,8,0.436,0.453,7733,arniqa,7733,0.6572005689900434
ava,8,0.436,0.453,7733,ava,7733,0.44449980602612016
ava,8,0.436,0.453,7733,clip_quality_v0,7726,0.5237799637587365
ava,8,0.436,0.453,7733,liqe,7733,0.7811025475236015
ava,8,0.436,0.453,7733,spaq,7733,0.6192718220612949
ava,8,0.436,0.453,7733,topiq,7733,0.6111721194879076
ava,9,0.453,0.478,7733,general,7733,0.7282974266132175
ava,9,0.453,0.478,7733,technical,7733,0.7194682529419356
ava,9,0.453,0.478,7733,aesthetic,7733,0.7408299495667938
ava,9,0.453,0.478,7733,arniqa,7733,0.6640443553601445
ava,9,0.453,0.478,7733,ava,7733,0.46481533686795795
ava,9,0.453,0.478,7733,clip_quality_v0,7724,0.5397094769549456
ava,9,0.453,0.478,7733,liqe,7733,0.8079220225009656
ava,9,0.453,0.478,7733,spaq,7733,0.6339944394154943
ava,9,0.453,0.478,7733,topiq,7733,0.6144188542609598
ava,10,0.478,0.62,7734,general,7734,0.7851905870183599
ava,10,0.478,0.62,7734,technical,7734,0.7532711404189272
ava,10,0.478,0.62,7734,aesthetic,7734,0.8250702094646994
ava,10,0.478,0.62,7734,arniqa,7734,0.6724640548228604
ava,10,0.478,0.62,7734,ava,7734,0.5074751745539143
ava,10,0.478,0.62,7734,clip_quality_v0,7729,0.5819558804502525
ava,10,0.478,0.62,7734,liqe,7734,0.8567589862942779
ava,10,0.478,0.62,7734,spaq,7734,0.642654771140419
ava,10,0.478,0.62,7734,topiq,7734,0.6235205585725362
clip_quality_v0,1,0.071,0.343,7729,general,7729,0.4054208823909942
clip_quality_v0,1,0.071,0.343,7729,technical,7729,0.42523327726743343
clip_quality_v0,1,0.071,0.343,7729,aesthetic,7729,0.40877565014879086
clip_quality_v0,1,0.071,0.343,7729,arniqa,7729,0.574115150731014
clip_quality_v0,1,0.071,0.343,7729,ava,7729,0.383749773580024
clip_quality_v0,1,0.071,0.343,7729,clip_quality_v0,7729,0.2792086945271059
clip_quality_v0,1,0.071,0.343,7729,liqe,7729,0.5289827920817707
clip_quality_v0,1,0.071,0.343,7729,spaq,7729,0.4556846940095737
clip_quality_v0,1,0.071,0.343,7729,topiq,7729,0.516156165092507
clip_quality_v0,2,0.343,0.402,7729,general,7729,0.5275971018242992
clip_quality_v0,2,0.343,0.402,7729,technical,7729,0.5532264199767091
clip_quality_v0,2,0.343,0.402,7729,aesthetic,7729,0.5111430974252814
clip_quality_v0,2,0.343,0.402,7729,arniqa,7729,0.6228355544054842
clip_quality_v0,2,0.343,0.402,7729,ava,7729,0.39888898951998847
clip_quality_v0,2,0.343,0.402,7729,clip_quality_v0,7729,0.37482015784706485
clip_quality_v0,2,0.343,0.402,7729,liqe,7729,0.6461167033251392
clip_quality_v0,2,0.343,0.402,7729,spaq,7729,0.5407484797515847
clip_quality_v0,2,0.343,0.402,7729,topiq,7729,0.5689548453875017
clip_quality_v0,3,0.402,0.444,7730,general,7730,0.5702750323415269
clip_quality_v0,3,0.402,0.444,7730,technical,7730,0.5953692108667562
clip_quality_v0,3,0.402,0.444,7730,aesthetic,7730,0.5435115135834407
clip_quality_v0,3,0.402,0.444,7730,arniqa,7730,0.634068952134541
clip_quality_v0,3,0.402,0.444,7730,ava,7730,0.40294476067270185
clip_quality_v0,3,0.402,0.444,7730,clip_quality_v0,7730,0.42396106080207013
clip_quality_v0,3,0.402,0.444,7730,liqe,7730,0.6875981888745144
clip_quality_v0,3,0.402,0.444,7730,spaq,7730,0.5622213454075018
clip_quality_v0,3,0.402,0.444,7730,topiq,7730,0.582497542043983
clip_quality_v0,4,0.444,0.479,7729,general,7729,0.6001745374563338
clip_quality_v0,4,0.444,0.479,7729,technical,7729,0.6258942942165867
clip_quality_v0,4,0.444,0.479,7729,aesthetic,7729,0.5664111786777081
clip_quality_v0,4,0.444,0.479,7729,arniqa,7729,0.6422317246733094
clip_quality_v0,4,0.444,0.479,7729,ava,7729,0.4056436796480797
clip_quality_v0,4,0.444,0.479,7729,clip_quality_v0,7729,0.46167576659334936
clip_quality_v0,4,0.444,0.479,7729,liqe,7729,0.7138985638504316
clip_quality_v0,4,0.444,0.479,7729,spaq,7729,0.5766615344805286
clip_quality_v0,4,0.444,0.479,7729,topiq,7729,0.5915126148272759
clip_quality_v0,5,0.479,0.512,7730,general,7730,0.6306060802069833
clip_quality_v0,5,0.479,0.512,7730,technical,7730,0.6553270375161742
clip_quality_v0,5,0.479,0.512,7730,aesthetic,7730,0.5886293661060805
clip_quality_v0,5,0.479,0.512,7730,arniqa,7730,0.6518310478654579
clip_quality_v0,5,0.479,0.512,7730,ava,7730,0.4095204398447609
clip_quality_v0,5,0.479,0.512,7730,clip_quality_v0,7730,0.4956579560155247
clip_quality_v0,5,0.479,0.512,7730,liqe,7730,0.7450353169469587
clip_quality_v0,5,0.479,0.512,7730,spaq,7730,0.5887265200517466
clip_quality_v0,5,0.479,0.512,7730,topiq,7730,0.5994398447606745
clip_quality_v0,6,0.512,0.544,7729,general,7729,0.6483290205718699
clip_quality_v0,6,0.512,0.544,7729,technical,7729,0.6717632293957813
clip_quality_v0,6,0.512,0.544,7729,aesthetic,7729,0.5981000129382814
clip_quality_v0,6,0.512,0.544,7729,arniqa,7729,0.6581006598525057
clip_quality_v0,6,0.512,0.544,7729,ava,7729,0.41086401863112826
clip_quality_v0,6,0.512,0.544,7729,clip_quality_v0,7729,0.5277377409755524
clip_quality_v0,6,0.512,0.544,7729,liqe,7729,0.7683233277267415
clip_quality_v0,6,0.512,0.544,7729,spaq,7729,0.5925393970759486
clip_quality_v0,6,0.512,0.544,7729,topiq,7729,0.6021786777073355
clip_quality_v0,7,0.544,0.579,7729,general,7729,0.6775831284771617
clip_quality_v0,7,0.544,0.579,7729,technical,7729,0.6993721050588726
clip_quality_v0,7,0.544,0.579,7729,aesthetic,7729,0.6162654935955514
clip_quality_v0,7,0.544,0.579,7729,arniqa,7729,0.6647326950446382
clip_quality_v0,7,0.544,0.579,7729,ava,7729,0.41384901022124493
clip_quality_v0,7,0.544,0.579,7729,clip_quality_v0,7729,0.5613389830508695
clip_quality_v0,7,0.544,0.579,7729,liqe,7729,0.8017280372622568
clip_quality_v0,7,0.544,0.579,7729,spaq,7729,0.6017280372622612
clip_quality_v0,7,0.544,0.579,7729,topiq,7729,0.6108332255142954
clip_quality_v0,8,0.579,0.62,7730,general,7730,0.7182397153945651
clip_quality_v0,8,0.579,0.62,7730,technical,7730,0.7355024579560169
clip_quality_v0,8,0.579,0.62,7730,aesthetic,7730,0.6495802069857678
clip_quality_v0,8,0.579,0.62,7730,arniqa,7730,0.6719404915912018
clip_quality_v0,8,0.579,0.62,7730,ava,7730,0.4213683053040089
clip_quality_v0,8,0.579,0.62,7730,clip_quality_v0,7730,0.5992049159120353
clip_quality_v0,8,0.579,0.62,7730,liqe,7730,0.8435355756791677
clip_quality_v0,8,0.579,0.62,7730,spaq,7730,0.6165795601552396
clip_quality_v0,8,0.579,0.62,7730,topiq,7730,0.622261578266494
clip_quality_v0,9,0.62,0.673,7729,general,7729,0.7506088756630872
clip_quality_v0,9,0.62,0.673,7729,technical,7729,0.7638536680036209
clip_quality_v0,9,0.62,0.673,7729,aesthetic,7729,0.6742367706042189
clip_quality_v0,9,0.62,0.673,7729,arniqa,7729,0.6781859231465914
clip_quality_v0,9,0.62,0.673,7729,ava,7729,0.4293737870358387
clip_quality_v0,9,0.62,0.673,7729,clip_quality_v0,7729,0.6451861819122633
clip_quality_v0,9,0.62,0.673,7729,liqe,7729,0.880234441713025
clip_quality_v0,9,0.62,0.673,7729,spaq,7729,0.6223934532281
clip_quality_v0,9,0.62,0.673,7729,topiq,7729,0.6325646267304968
clip_quality_v0,10,0.673,0.88,7730,general,7730,0.8115827943078942
clip_quality_v0,10,0.673,0.88,7730,technical,7730,0.8216068564036209
clip_quality_v0,10,0.673,0.88,7730,aesthetic,7730,0.7308485122897777
clip_quality_v0,10,0.673,0.88,7730,arniqa,7730,0.6927937904269055
clip_quality_v0,10,0.673,0.88,7730,ava,7730,0.4402324708926268
clip_quality_v0,10,0.673,0.88,7730,clip_quality_v0,7730,0.7263529107373937
clip_quality_v0,10,0.673,0.88,7730,liqe,7730,0.9302236739973984
clip_quality_v0,10,0.673,0.88,7730,spaq,7730,0.6528380336351863
clip_quality_v0,10,0.673,0.88,7730,topiq,7730,0.6496179818887453
liqe,1,0.0,0.517,7733,general,7733,0.311087676192941
liqe,1,0.0,0.517,7733,technical,7733,0.33515931721194875
liqe,1,0.0,0.517,7733,aesthetic,7733,0.37621944911418514
liqe,1,0.0,0.517,7733,arniqa,7733,0.5593150135781724
liqe,1,0.0,0.517,7733,ava,7733,0.3790323289796949
liqe,1,0.0,0.517,7733,clip_quality_v0,7730,0.37874398447606644
liqe,1,0.0,0.517,7733,liqe,7733,0.38021362989783947
liqe,1,0.0,0.517,7733,spaq,7733,0.44729794387689215
liqe,1,0.0,0.517,7733,topiq,7733,0.4707523600155176
liqe,2,0.517,0.609,7733,general,7733,0.48002508728824433
liqe,2,0.517,0.609,7733,technical,7733,0.5086373981637123
liqe,2,0.517,0.609,7733,aesthetic,7733,0.5075431268589137
liqe,2,0.517,0.609,7733,arniqa,7733,0.609167981378509
liqe,2,0.517,0.609,7733,ava,7733,0.39801655243760553
liqe,2,0.517,0.609,7733,clip_quality_v0,7728,0.4204400879917184
liqe,2,0.517,0.609,7733,liqe,7733,0.5673305314884268
liqe,2,0.517,0.609,7733,spaq,7733,0.5526480020690545
liqe,2,0.517,0.609,7733,topiq,7733,0.5570386654597174
liqe,3,0.61,0.674,7733,general,7733,0.546338290443553
liqe,3,0.61,0.674,7733,technical,7733,0.576876761929397
liqe,3,0.61,0.674,7733,aesthetic,7733,0.5412551403077714
liqe,3,0.61,0.674,7733,arniqa,7733,0.6323994568731439
liqe,3,0.61,0.674,7733,ava,7733,0.40124156213629797
liqe,3,0.61,0.674,7733,clip_quality_v0,7727,0.45165743496829475
liqe,3,0.61,0.674,7733,liqe,7733,0.6434581663002604
liqe,3,0.61,0.674,7733,spaq,7733,0.5704515711884148
liqe,3,0.61,0.674,7733,topiq,7733,0.5761480667270142
liqe,4,0.674,0.72,7734,general,7734,0.5951507628652697
liqe,4,0.674,0.72,7734,technical,7734,0.6254857770881824
liqe,4,0.674,0.72,7734,aesthetic,7734,0.570741530902508
liqe,4,0.674,0.72,7734,arniqa,7734,0.646305275407291
liqe,4,0.674,0.72,7734,ava,7734,0.4078485906387361
liqe,4,0.674,0.72,7734,clip_quality_v0,7730,0.4732542043984494
liqe,4,0.674,0.72,7734,liqe,7734,0.6978525989139069
liqe,4,0.674,0.72,7734,spaq,7734,0.5807165761572286
liqe,4,0.674,0.72,7734,topiq,7734,0.5928205327126973
liqe,5,0.72,0.764,7733,general,7733,0.6299469804732969
liqe,5,0.72,0.764,7733,technical,7733,0.6582261735419637
liqe,5,0.72,0.764,7733,aesthetic,7733,0.5892829432303129
liqe,5,0.72,0.764,7733,arniqa,7733,0.6549630156472245
liqe,5,0.72,0.764,7733,ava,7733,0.4121916461916457
liqe,5,0.72,0.764,7733,clip_quality_v0,7730,0.49567102199223695
liqe,5,0.72,0.764,7733,liqe,7733,0.7417482219061142
liqe,5,0.72,0.764,7733,spaq,7733,0.5857359368938316
liqe,5,0.72,0.764,7733,topiq,7733,0.6034497607655493
liqe,6,0.764,0.82,7733,general,7733,0.6649893960946585
liqe,6,0.764,0.82,7733,technical,7733,0.6898210267683954
liqe,6,0.764,0.82,7733,aesthetic,7733,0.6045962757015357
liqe,6,0.764,0.82,7733,arniqa,7733,0.6627602482865663
liqe,6,0.764,0.82,7733,ava,7733,0.4142511315142896
liqe,6,0.764,0.82,7733,clip_quality_v0,7726,0.516387134351541
liqe,6,0.764,0.82,7733,liqe,7733,0.7906538212854016
liqe,6,0.764,0.82,7733,spaq,7733,0.5902932885038161
liqe,6,0.764,0.82,7733,topiq,7733,0.612177162808744
liqe,7,0.82,0.884,7734,general,7732,0.7117289187791003
liqe,7,0.82,0.884,7734,technical,7732,0.7290027159855136
liqe,7,0.82,0.884,7734,aesthetic,7732,0.632024314536987
liqe,7,0.82,0.884,7734,arniqa,7734,0.6692933798810441
liqe,7,0.82,0.884,7734,ava,7734,0.4176766227049395
liqe,7,0.82,0.884,7734,clip_quality_v0,7729,0.5396912925346105
liqe,7,0.82,0.884,7734,liqe,7734,0.8515087923454797
liqe,7,0.82,0.884,7734,spaq,7734,0.6030102146366686
liqe,7,0.82,0.884,7734,topiq,7734,0.622407421773987
liqe,8,0.884,0.943,7733,general,7733,0.7566999870684112
liqe,8,0.884,0.943,7733,technical,7733,0.7640962110435819
liqe,8,0.884,0.943,7733,aesthetic,7733,0.6577266261476805
liqe,8,0.884,0.943,7733,arniqa,7733,0.6736747704642451
liqe,8,0.884,0.943,7733,ava,7733,0.4219653433337639
liqe,8,0.884,0.943,7733,clip_quality_v0,7730,0.562529495472187
liqe,8,0.884,0.943,7733,liqe,7733,0.9145546359756858
liqe,8,0.884,0.943,7733,spaq,7733,0.6126355877408507
liqe,8,0.884,0.943,7733,topiq,7733,0.6313229018492156
liqe,9,0.943,0.983,7733,general,7733,0.7978305961463863
liqe,9,0.943,0.983,7733,technical,7733,0.8012643217380059
liqe,9,0.943,0.983,7733,aesthetic,7733,0.6827205482994937
liqe,9,0.943,0.983,7733,arniqa,7733,0.6831736712789364
liqe,9,0.943,0.983,7733,ava,7733,0.4276534333376452
liqe,9,0.943,0.983,7733,clip_quality_v0,7732,0.5984791774443863
liqe,9,0.943,0.983,7733,liqe,7733,0.9649291348764778
liqe,9,0.943,0.983,7733,spaq,7733,0.6212965214017864
liqe,9,0.943,0.983,7733,topiq,7733,0.6421035820509524
liqe,10,0.983,1.0,7734,general,7734,0.8466551590380162
liqe,10,0.983,1.0,7734,technical,7734,0.858471554176365
liqe,10,0.983,1.0,7734,aesthetic,7734,0.725806309800878
liqe,10,0.983,1.0,7734,arniqa,7734,0.6997733385052977
liqe,10,0.983,1.0,7734,ava,7734,0.4366829583656566
liqe,10,0.983,1.0,7734,clip_quality_v0,7732,0.6582177961717519
liqe,10,0.983,1.0,7734,liqe,7734,0.9932042927333647
liqe,10,0.983,1.0,7734,spaq,7734,0.646307990690457
liqe,10,0.983,1.0,7734,topiq,7734,0.6676100336177917
spaq,1,0.094,0.395,7733,general,7733,0.343664037242985
spaq,1,0.094,0.395,7733,technical,7733,0.36949346954610074
spaq,1,0.094,0.395,7733,aesthetic,7733,0.2813531617742143
spaq,1,0.094,0.395,7733,arniqa,7733,0.5837784818311154
spaq,1,0.094,0.395,7733,ava,7733,0.38106905470063274
spaq,1,0.094,0.395,7733,clip_quality_v0,7732,0.40403103983445343
spaq,1,0.094,0.395,7733,liqe,7733,0.5553918272339337
spaq,1,0.094,0.395,7733,spaq,7733,0.31815970515970393
spaq,1,0.094,0.395,7733,topiq,7733,0.4995197206776143
spaq,2,0.395,0.464,7733,general,7733,0.4993108754687689
spaq,2,0.395,0.464,7733,technical,7733,0.5312010862537169
spaq,2,0.395,0.464,7733,aesthetic,7733,0.4013841975947265
spaq,2,0.395,0.464,7733,arniqa,7733,0.632657959394804
spaq,2,0.395,0.464,7733,ava,7733,0.3934954092848821
spaq,2,0.395,0.464,7733,clip_quality_v0,7732,0.4635416451112263
spaq,2,0.395,0.464,7733,liqe,7733,0.7169460752618657
spaq,2,0.395,0.464,7733,spaq,7733,0.43239958618906643
spaq,2,0.395,0.464,7733,topiq,7733,0.5743960946592506
spaq,3,0.464,0.518,7733,general,7733,0.5534244148454684
spaq,3,0.464,0.518,7733,technical,7733,0.5832967800336236
spaq,3,0.464,0.518,7733,aesthetic,7733,0.46618763739816355
spaq,3,0.464,0.518,7733,arniqa,7733,0.6404430363377748
spaq,3,0.464,0.518,7733,ava,7733,0.3951231087546875
spaq,3,0.464,0.518,7733,clip_quality_v0,7731,0.4842394256887867
spaq,3,0.464,0.518,7733,liqe,7733,0.7410721582826849
spaq,3,0.464,0.518,7733,spaq,7733,0.4919972843657027
spaq,3,0.464,0.518,7733,topiq,7733,0.5860933660933644
spaq,4,0.518,0.563,7734,general,7734,0.5953524696146895
spaq,4,0.518,0.563,7734,technical,7734,0.622781484354796
spaq,4,0.518,0.563,7734,aesthetic,7734,0.5239959917248515
spaq,4,0.518,0.563,7734,arniqa,7734,0.6456927851047332
spaq,4,0.518,0.563,7734,ava,7734,0.39974825446082296
spaq,4,0.518,0.563,7734,clip_quality_v0,7731,0.4988878540939075
spaq,4,0.518,0.563,7734,liqe,7734,0.7519188001034405
spaq,4,0.518,0.563,7734,spaq,7734,0.5409980605120182
spaq,4,0.518,0.563,7734,topiq,7734,0.5947061029221655
spaq,5,0.563,0.605,7733,general,7733,0.6318236130867722
spaq,5,0.563,0.605,7733,technical,7733,0.6545666623561358
spaq,5,0.563,0.605,7733,aesthetic,7733,0.58129471097892
spaq,5,0.563,0.605,7733,arniqa,7733,0.6500001293159205
spaq,5,0.563,0.605,7733,ava,7733,0.40734023018233373
spaq,5,0.563,0.605,7733,clip_quality_v0,7727,0.507237478969844
spaq,5,0.563,0.605,7733,liqe,7733,0.7585400232768658
spaq,5,0.563,0.605,7733,spaq,7733,0.5845942066468381
spaq,5,0.563,0.605,7733,topiq,7733,0.5999562912194509
spaq,6,0.605,0.643,7733,general,7733,0.6659714211819457
spaq,6,0.605,0.643,7733,technical,7733,0.684342945816629
spaq,6,0.605,0.643,7733,aesthetic,7733,0.6381004784688972
spaq,6,0.605,0.643,7733,arniqa,7733,0.6545074356653292
spaq,6,0.605,0.643,7733,ava,7733,0.41693792835898075
spaq,6,0.605,0.643,7733,clip_quality_v0,7729,0.5144876439384126
spaq,6,0.605,0.643,7733,liqe,7733,0.7618589163325956
spaq,6,0.605,0.643,7733,spaq,7733,0.6244708392603102
spaq,6,0.605,0.643,7733,topiq,7733,0.60554170438381
spaq,7,0.643,0.674,7734,general,7734,0.7100003878975967
spaq,7,0.643,0.674,7734,technical,7734,0.7248324282389473
spaq,7,0.643,0.674,7734,aesthetic,7734,0.6897201965347821
spaq,7,0.643,0.674,7734,arniqa,7734,0.6644871993793656
spaq,7,0.643,0.674,7734,ava,7734,0.42513266097750135
spaq,7,0.643,0.674,7734,clip_quality_v0,7732,0.5313622607346102
spaq,7,0.643,0.674,7734,liqe,7734,0.7867292474786627
spaq,7,0.643,0.674,7734,spaq,7734,0.6587198086371842
spaq,7,0.643,0.674,7734,topiq,7734,0.6135204292733378
spaq,8,0.674,0.703,7733,general,7731,0.744905186909848
spaq,8,0.674,0.703,7733,technical,7731,0.757248997542362
spaq,8,0.674,0.703,7733,aesthetic,7731,0.7308486612339916
spaq,8,0.674,0.703,7733,arniqa,7733,0.6697001163843256
spaq,8,0.674,0.703,7733,ava,7733,0.4298161127634812
spaq,8,0.674,0.703,7733,clip_quality_v0,7723,0.5479719021105781
spaq,8,0.674,0.703,7733,liqe,7733,0.8050874175611005
spaq,8,0.674,0.703,7733,spaq,7733,0.6885587740851075
spaq,8,0.674,0.703,7733,topiq,7733,0.6216636492952275
spaq,9,0.703,0.733,7733,general,7733,0.778076167076168
spaq,9,0.703,0.733,7733,technical,7733,0.7895920082762198
spaq,9,0.703,0.733,7733,aesthetic,7733,0.768454804086384
spaq,9,0.703,0.733,7733,arniqa,7733,0.6724726496831747
spaq,9,0.703,0.733,7733,ava,7733,0.4330622009569385
spaq,9,0.703,0.733,7733,clip_quality_v0,7728,0.5670508540372663
spaq,9,0.703,0.733,7733,liqe,7733,0.8213023406181271
spaq,9,0.703,0.733,7733,spaq,7733,0.7182251390145901
spaq,9,0.703,0.733,7733,topiq,7733,0.6330058192163431
spaq,10,0.733,0.802,7734,general,7734,0.8179367726920111
spaq,10,0.733,0.802,7734,technical,7734,0.8296973105766736
spaq,10,0.733,0.802,7734,aesthetic,7734,0.8065901215412464
spaq,10,0.733,0.802,7734,arniqa,7734,0.677089992242047
spaq,10,0.733,0.802,7734,ava,7734,0.4348355314197056
spaq,10,0.733,0.802,7734,clip_quality_v0,7729,0.5764573683529555
spaq,10,0.733,0.802,7734,liqe,7734,0.8466273597103648
spaq,10,0.733,0.802,7734,spaq,7734,0.7522544608223459
spaq,10,0.733,0.802,7734,topiq,7734,0.6474308249288835
topiq,1,0.033,0.513,7733,general,7733,0.3236439932755735
topiq,1,0.033,0.513,7733,technical,7733,0.3158630544420011
topiq,1,0.033,0.513,7733,aesthetic,7733,0.3614727789990951
topiq,1,0.033,0.513,7733,arniqa,7733,0.5613402301823358
topiq,1,0.033,0.513,7733,ava,7733,0.37804034656666263
topiq,1,0.033,0.513,7733,clip_quality_v0,7725,0.4008165695792887
topiq,1,0.033,0.513,7733,liqe,7733,0.4626417949049515
topiq,1,0.033,0.513,7733,spaq,7733,0.4211494892021206
topiq,1,0.033,0.513,7733,topiq,7733,0.43494736842105547
topiq,2,0.513,0.552,7733,general,7733,0.4929427130479789
topiq,2,0.513,0.552,7733,technical,7733,0.49551118582697473
topiq,2,0.513,0.552,7733,aesthetic,7733,0.49954325617483447
topiq,2,0.513,0.552,7733,arniqa,7733,0.6120285788180536
topiq,2,0.513,0.552,7733,ava,7733,0.40361050045260577
topiq,2,0.513,0.552,7733,clip_quality_v0,7727,0.4357141193218599
topiq,2,0.513,0.552,7733,liqe,7733,0.6352361308677102
topiq,2,0.513,0.552,7733,spaq,7733,0.5245872235872246
topiq,2,0.513,0.552,7733,topiq,7733,0.5345616190352999
topiq,3,0.552,0.575,7733,general,7733,0.5613152722100113
topiq,3,0.552,0.575,7733,technical,7733,0.570889693521272
topiq,3,0.552,0.575,7733,aesthetic,7733,0.5513834216992113
topiq,3,0.552,0.575,7733,arniqa,7733,0.6289860338807699
topiq,3,0.552,0.575,7733,ava,7733,0.4084708392603129
topiq,3,0.552,0.575,7733,clip_quality_v0,7727,0.4673807428497483
topiq,3,0.552,0.575,7733,liqe,7733,0.6878806414069584
topiq,3,0.552,0.575,7733,spaq,7733,0.5615585154532533
topiq,3,0.552,0.575,7733,topiq,7733,0.5640870296133272
topiq,4,0.575,0.592,7734,general,7734,0.6092995862425663
topiq,4,0.575,0.592,7734,technical,7734,0.6250897336436536
topiq,4,0.575,0.592,7734,aesthetic,7734,0.5814886216705447
topiq,4,0.575,0.592,7734,arniqa,7734,0.6436430049133709
topiq,4,0.575,0.592,7734,ava,7734,0.41016201189552737
topiq,4,0.575,0.592,7734,clip_quality_v0,7730,0.4903812419146194
topiq,4,0.575,0.592,7734,liqe,7734,0.7294016033100578
topiq,4,0.575,0.592,7734,spaq,7734,0.5833372123092873
topiq,4,0.575,0.592,7734,topiq,7734,0.5839215153865819
topiq,5,0.592,0.608,7733,general,7733,0.6427142118194752
topiq,5,0.592,0.608,7733,technical,7733,0.6650117677486103
topiq,5,0.592,0.608,7733,aesthetic,7733,0.5973357041251749
topiq,5,0.592,0.608,7733,arniqa,7733,0.6561375921375905
topiq,5,0.592,0.608,7733,ava,7733,0.41218479244795064
topiq,5,0.592,0.608,7733,clip_quality_v0,7729,0.5075470306637347
topiq,5,0.592,0.608,7733,liqe,7733,0.7623285917496446
topiq,5,0.592,0.608,7733,spaq,7733,0.5909945687314113
topiq,5,0.592,0.608,7733,topiq,7733,0.6004629509892675
topiq,6,0.608,0.624,7733,general,7733,0.6725808871072035
topiq,6,0.608,0.624,7733,technical,7733,0.6979447821026782
topiq,6,0.608,0.624,7733,aesthetic,7733,0.6151097892150535
topiq,6,0.608,0.624,7733,arniqa,7733,0.662935083408767
topiq,6,0.608,0.624,7733,ava,7733,0.41589434889434845
topiq,6,0.608,0.624,7733,clip_quality_v0,7732,0.5205067252974633
topiq,6,0.608,0.624,7733,liqe,7733,0.7914149747833943
topiq,6,0.608,0.624,7733,spaq,7733,0.5984769171084942
topiq,6,0.608,0.624,7733,topiq,7733,0.6163196689512385
topiq,7,0.624,0.64,7734,general,7732,0.7040699689601609
topiq,7,0.624,0.64,7734,technical,7732,0.7318986032074519
topiq,7,0.624,0.64,7734,aesthetic,7732,0.6368566994309396
topiq,7,0.624,0.64,7734,arniqa,7734,0.6685418929402669
topiq,7,0.624,0.64,7734,ava,7734,0.41884354797000456
topiq,7,0.624,0.64,7734,clip_quality_v0,7729,0.5328935179195246
topiq,7,0.624,0.64,7734,liqe,7734,0.8189444013447132
topiq,7,0.624,0.64,7734,spaq,7734,0.6115733126454617
topiq,7,0.624,0.64,7734,topiq,7734,0.6318740625808096
topiq,8,0.64,0.656,7733,general,7733,0.7348327945170017
topiq,8,0.64,0.656,7733,technical,7733,0.7674098021466429
topiq,8,0.64,0.656,7733,aesthetic,7733,0.6502207422733738
topiq,8,0.64,0.656,7733,arniqa,7733,0.676829302987194
topiq,8,0.64,0.656,7733,ava,7733,0.41932018621492273
topiq,8,0.64,0.656,7733,clip_quality_v0,7733,0.5518565886460627
topiq,8,0.64,0.656,7733,liqe,7733,0.8512338031811691
topiq,8,0.64,0.656,7733,spaq,7733,0.6195035561877659
topiq,8,0.64,0.656,7733,topiq,7733,0.6476557610242075
topiq,9,0.656,0.677,7733,general,7733,0.7706344238975809
topiq,9,0.656,0.677,7733,technical,7733,0.806665718349931
topiq,9,0.656,0.677,7733,aesthetic,7733,0.6752078106814956
topiq,9,0.656,0.677,7733,arniqa,7733,0.6833223845855414
topiq,9,0.656,0.677,7733,ava,7733,0.4221461269882326
topiq,9,0.656,0.677,7733,clip_quality_v0,7730,0.5748993531694698
topiq,9,0.656,0.677,7733,liqe,7733,0.8812622526832998
topiq,9,0.656,0.677,7733,spaq,7733,0.6353236777447329
topiq,9,0.656,0.677,7733,topiq,7733,0.6658018880124356
topiq,10,0.677,0.798,7734,general,7734,0.8284185415050415
topiq,10,0.677,0.798,7734,technical,7734,0.8707557538143247
topiq,10,0.677,0.798,7734,aesthetic,7734,0.7192975174553959
topiq,10,0.677,0.798,7734,arniqa,7734,0.697062839410397
topiq,10,0.677,0.798,7734,ava,7734,0.42788815619343074
topiq,10,0.677,0.798,7734,clip_quality_v0,7732,0.6130166839110184
topiq,10,0.677,0.798,7734,liqe,7734,0.925118567364865
topiq,10,0.677,0.798,7734,spaq,7734,0.6638854409102647
topiq,10,0.677,0.798,7734,topiq,7734,0.6961948538919022
