bin,lo,hi,count
0,-0.3417271347482268,-0.3246407780108155,0
1,-0.3246407780108155,-0.3075544212734041,0
2,-0.3075544212734041,-0.2904680645359928,0
3,-0.2904680645359928,-0.27338170779858145,0
4,-0.27338170779858145,-0.2562953510611701,0
5,-0.2562953510611701,-0.23920899432375875,0
6,-0.23920899432375875,-0.22212263758634743,0
7,-0.22212263758634743,-0.20503628084893608,0
8,-0.20503628084893608,-0.18794992411152472,0
9,-0.18794992411152472,-0.1708635673741134,0
10,-0.1708635673741134,-0.15377721063670205,0
11,-0.15377721063670205,-0.1366908538992907,0
12,-0.1366908538992907,-0.11960449716187938,0
13,-0.11960449716187938,-0.10251814042446802,0
14,-0.10251814042446802,-0.08543178368705667,7
15,-0.08543178368705667,-0.06834542694964535,127
16,-0.06834542694964535,-0.051259070212234026,1194
17,-0.051259070212234026,-0.03417271347482265,4313
18,-0.03417271347482265,-0.017086356737411323,11257
19,-0.017086356737411323,0.0,22057
20,0.0,0.01708635673741138,25737
21,0.01708635673741138,0.0341727134748227,10565
22,0.0341727134748227,0.051259070212234026,909
23,0.051259070212234026,0.0683454269496454,132
24,0.0683454269496454,0.08543178368705673,99
25,0.08543178368705673,0.10251814042446805,77
26,0.10251814042446805,0.11960449716187938,80
27,0.11960449716187938,0.13669085389929075,60
28,0.13669085389929075,0.15377721063670208,64
29,0.15377721063670208,0.17086356737411346,50
30,0.17086356737411346,0.18794992411152478,40
31,0.18794992411152478,0.2050362808489361,20
32,0.2050362808489361,0.22212263758634743,40
33,0.22212263758634743,0.23920899432375875,40
34,0.23920899432375875,0.2562953510611701,54
35,0.2562953510611701,0.2733817077985815,84
36,0.2733817077985815,0.29046806453599283,91
37,0.29046806453599283,0.30755442127340415,88
38,0.30755442127340415,0.3246407780108155,46
39,0.3246407780108155,0.3417271347482268,63
