dimension,stacks,images,within_std_mean,within_range_mean,within_share,tie_rate,top_gap_mean,top_gap_z,pick_auc,pick_pairs,reject_auc,reject_pairs,pick_top1_rate,pick_stacks,best_match_rate,best_stacks
general,11174,66308,0.0324582305710546,0.08438936817612315,0.06628028525635575,0.19623356805646072,0.03669480937891534,1.2714333801256636,0.8149344078019374,321151,0.802754105355413,346864,0.661717722232663,5321,0.9580720301021323,11162
technical,11174,66308,0.03330399184829673,0.08674010202255235,0.06995810901867616,0.18362607493125208,0.03761274386969751,1.2686104812779357,0.7769258074861981,321151,0.7678614673186033,346864,0.6337154670174779,5321,0.7469091560652212,11162
aesthetic,11174,66308,0.036722847354065315,0.09581282441381779,0.0735590155384537,0.15185897537791485,0.04235469840701629,1.286479490979889,0.7580888740810398,321151,0.7441100834909359,346864,0.6147340725427551,5321,0.6927074001075076,11162
arniqa,11174,66308,0.01511278562114836,0.03964773581528549,0.09931791364532198,0.3501788240530273,0.017618543046357616,1.2926572777561012,0.6312778101267005,321151,0.6185709672955395,346864,0.5239616613418531,5321,0.45045690736427163,11162
ava,11174,66308,0.010847702091032262,0.028668158224449618,0.0836582590105359,0.37333693630684617,0.012682745659566853,1.3066242152987662,0.6418616164981582,321151,0.633754151483002,346864,0.5399361022364217,5321,0.4576240817057875,11162
clip_quality_v0,11174,66308,0.03175315279408744,0.08284366835813542,0.10396763893646975,0.16693980384988316,0.03730411218795662,1.3036076374782635,0.5965542688641792,321151,0.6070491604778818,346864,0.5421913174215373,5321,0.39365705070775847,11162
liqe,11174,66308,0.03315283720961034,0.08567770951513701,0.06523096154244837,0.34080764890082815,0.037321369304775615,1.2507832053228192,0.7076998047647368,321151,0.6871050325199501,346864,0.6051494080060139,5321,0.6181687869557427,11162
spaq,11174,66308,0.027605003408907865,0.07149060318596742,0.08099301766590114,0.2428390901432182,0.03157123679971362,1.2714038167467585,0.6959140715738079,321151,0.6859244545412612,346864,0.5797782371734637,5321,0.602132234366601,11162
topiq,11174,66308,0.015143357091795791,0.03962936280651512,0.08669878173337629,0.3207571013018391,0.01684578485770539,1.2673059832040576,0.6628455150380973,321151,0.6540200193735873,346864,0.5700056380379628,5321,0.5025981006987995,11162
