dimension,clusters,images,total_var,between_var,within_var,within_share_image_weighted,within_share_image_weighted_ci_lo,within_share_image_weighted_ci_hi,within_share_cluster_weighted,within_share_cluster_weighted_ci_lo,within_share_cluster_weighted_ci_hi,icc1,median_within_sd,median_within_range
general,11174,66308,0.031805170055974726,0.029697114312037816,0.00210805574393691,0.06628028525635578,0.060933023677106526,0.07193037975445009,0.05762670448917786,0.055106451180412755,0.059644631146245214,0.9203298892235998,0.030826574166679416,0.06479999999999997
technical,11174,66308,0.031509611662277406,0.029305258814471692,0.002204352847805714,0.06995810901867493,0.06348550950309606,0.07691431374918846,0.06012994183622658,0.05707650264637702,0.06259391135229368,0.9159088651429321,0.03163297593181406,0.06659999999999999
aesthetic,11174,66308,0.034687135112582,0.032135583601851134,0.0025515515107308686,0.07355901553845388,0.06892695133126116,0.07895776340217926,0.0625878565147012,0.060287309291043215,0.06470433160674456,0.9115802797537988,0.037193816690412385,0.07700000000000007
arniqa,11174,66308,0.004066632292670515,0.00366274285779977,0.0004038894348707452,0.09931791364532622,0.08859372431280596,0.11075437061448247,0.09559745472912662,0.09067729527701925,0.09961849057733953,0.8806153427659535,0.015912526512084076,0.033500000000000085
ava,11174,66308,0.0027336548270147794,0.0025049620234509585,0.0002286928035638208,0.083658259010542,0.07722976289901837,0.09064348868614981,0.06138065517094927,0.05926043519103906,0.06385998312234026,0.8994400451298765,0.01131370849898477,0.02300000000000002
clip_quality_v0,11174,66308,0.016523248482773513,0.014805365350458885,0.0017178831323146268,0.1039676389364733,0.09030411136582456,0.1162632320840758,0.09193822903149337,0.08904019209291095,0.09513244224547678,0.875025761102271,0.03492283222620517,0.07193046808242798
liqe,11174,66308,0.03435274098240257,0.03211187865650164,0.002240862325900928,0.06523096154245232,0.05933194239314871,0.07013120031976847,0.061753633627378984,0.05885171225843566,0.06470776681830782,0.9215912520870001,0.031031882267414573,0.063670814037323
spaq,11174,66308,0.017376041338310177,0.01596870331523298,0.0014073380230771985,0.08099301766590195,0.07541935450358273,0.08750234704626292,0.07458391724848586,0.07124993139284647,0.0774227451745331,0.902643930740138,0.027570958052898397,0.05699999999999994
topiq,11174,66308,0.00557201223263796,0.005088925560264766,0.0004830866723731944,0.08669878173337865,0.07574854626851364,0.09814412836278508,0.07670814201727785,0.07183642646670553,0.08145967455688094,0.8957850195612445,0.014284844338527019,0.029799999999999965
