dimension,kind,G,G_n,C,C_clusters,in_Na,in_Nb,role,provisional,G_ci_lo,G_ci_hi,C_ci_lo,C_ci_hi,caveats
general,composite,0.6098985373982533,13128,0.8046040926397401,1315,True,True,both,True,0.5838934979097774,0.6343520382545911,0.7879405300006538,0.8210539514580028,derived from component models — not an independent model; global labels not verified independent; culling labels not verified independent
technical,composite,0.5464875615024831,13128,0.7139857115566774,1315,True,True,both,True,0.5214808345572338,0.5705740251009596,0.6978278186733451,0.734074902075065,derived from component models — not an independent model; global labels not verified independent; culling labels not verified independent
aesthetic,composite,0.5466883355232419,13128,0.7799309921540135,1315,True,True,both,True,0.5176704912478256,0.5716961275184499,0.7640760726581858,0.7999586967420766,derived from component models — not an independent model; global labels not verified independent; culling labels not verified independent
arniqa,model,0.37565379948063193,13128,0.5470971661074376,1315,True,False,global,True,0.34706781299543993,0.3982179243730597,0.5271481878383435,0.56281063166948,global labels not verified independent; culling labels not verified independent
ava,model,0.31535917382260653,13128,0.655059650297584,1315,False,True,culling,True,0.28301417249578265,0.34805910175781907,0.6368994605572504,0.6715827572997665,global labels not verified independent; culling labels not verified independent
clip_quality_v0,model,0.34764575412160076,13125,0.5474310846867269,1315,True,False,global,True,0.31859651910599357,0.3756675630489043,0.5289301970214128,0.5658153698201274,global labels not verified independent; culling labels not verified independent
liqe,model,0.5570319519332545,13128,0.731444770203156,1315,True,True,both,True,0.5315596328156399,0.5815885448287719,0.709189042956249,0.7488803162569526,global labels not verified independent; culling labels not verified independent
spaq,model,0.43741114009073917,13128,0.6775416180314568,1315,True,True,both,True,0.4096019615805602,0.46349920569783376,0.6597690372553947,0.6996872993951656,global labels not verified independent; culling labels not verified independent
topiq,model,0.4163192401603386,13128,0.5989922965545559,1315,True,False,global,True,0.3893992611994122,0.4423100351331148,0.5817063819489657,0.6194528921301409,global labels not verified independent; culling labels not verified independent
