stratum,value,pairs,clusters,general_acc,general_ci_lo,general_ci_hi,technical_acc,technical_ci_lo,technical_ci_hi,aesthetic_acc,aesthetic_ci_lo,aesthetic_ci_hi,arniqa_acc,arniqa_ci_lo,arniqa_ci_hi,ava_acc,ava_ci_lo,ava_ci_hi,clip_quality_v0_acc,clip_quality_v0_ci_lo,clip_quality_v0_ci_hi,liqe_acc,liqe_ci_lo,liqe_ci_hi,spaq_acc,spaq_ci_lo,spaq_ci_hi,topiq_acc,topiq_ci_lo,topiq_ci_hi,note
stack_size,2,3479,2621,0.8513925982449447,0.8394491423163695,0.8648806567701763,0.7367417016405952,0.7218901858418703,0.7493519991100712,0.8155284242655475,0.8050395147160334,0.8243598022213202,0.546928653185807,0.521800222495773,0.566527416782292,0.6610072491415491,0.6480893364317066,0.675941755844864,0.5593285005723007,0.5420033710635196,0.5738648648766561,0.7611598626478443,0.7453362334040682,0.7708142302944807,0.7102251049217856,0.6938045162918108,0.7214089494185181,0.5974818771461274,0.582302034156283,0.6160228852720282,
stack_size,3-4,8064,1549,0.7709328599096192,0.7542120027586874,0.7845069687822726,0.686518183774478,0.6711585568520874,0.7021310849475166,0.7394717021734452,0.7262689371351325,0.7576151934245656,0.5525338928340865,0.5358809993425379,0.5686963380876667,0.6447600602539273,0.6238380793994578,0.662635414531338,0.5525823111684958,0.5316209414559134,0.5746888301159093,0.703776630083925,0.6866909594681445,0.7163294742540218,0.6546696793630299,0.6435636665838284,0.6781094532885922,0.590671400903809,0.5748320666316078,0.603335914945592,
stack_size,5-8,22537,1338,0.7686658754942883,0.7586626331017672,0.7787069087064873,0.6852948594190403,0.6720045330217089,0.6988839332736427,0.7422452907174772,0.7291351926472763,0.7522825791282339,0.5455236047119177,0.5336879101112052,0.5572889904912915,0.6501993509491358,0.6332370582106996,0.662554078847382,0.5637653805672069,0.5478678884737553,0.5767343924016993,0.696615370706275,0.6856145746413588,0.7086297585776904,0.652806969187394,0.6431302553646346,0.6648890914292167,0.5893522870404577,0.5781224258772398,0.6035488942623424,
stack_size,9+,273287,1054,0.7894947689654719,0.7762061637846102,0.7998424957457473,0.7031173631708154,0.6910701240543496,0.713363598616854,0.7653347736828476,0.7544964067809787,0.7746895981091115,0.5465768156568038,0.5350362997659753,0.5560504350646148,0.6568712568374735,0.64578732191886,0.67073312641101,0.5597434823960779,0.5469121576751724,0.5716021716794871,0.7022695312559063,0.6891093493229943,0.717489552111724,0.6692187669012069,0.656348975321282,0.6809521168229772,0.591582137769584,0.5802559663131782,0.6026607977631709,
keyword,wildlife,219493,4307,0.8094690453063926,0.8011849611330564,0.8215063862232479,0.708006201697166,0.6966558370017284,0.7174751641026162,0.7787293404683535,0.7702321425406974,0.7894893298569203,0.5438490273988713,0.5326185445212038,0.5544182761019786,0.657577001986597,0.6495570182138788,0.6698437818699282,0.5499738898553571,0.5396026471156391,0.5565923221448775,0.7210185031342796,0.713754368339664,0.7314116215700166,0.6765819116121292,0.6687262296828617,0.6876290127381719,0.5906141593879258,0.5787039541462682,0.5995728853176221,
keyword,birds,211247,3447,0.8005766526478849,0.7920835928402452,0.8104348705593177,0.6894477968213645,0.6795673162197733,0.699707365409573,0.7701802918545997,0.7609235030746644,0.7787398380806531,0.530984117450481,0.5195429999163462,0.5398184478947928,0.6637682048944337,0.6536822049693459,0.6757847621115416,0.5525159361326072,0.5416593602773458,0.5633050313804246,0.719845130145469,0.7106609677389943,0.7322925218598114,0.6613064030220357,0.6508462132447943,0.6709311799908856,0.5794485588684327,0.5653111895503306,0.589649553577105,
keyword,nature,166192,3403,0.8010529482240419,0.7935344799990101,0.8107524077151145,0.6998019742404421,0.6904643968341413,0.7118523232611427,0.7789306136116403,0.7696339174593364,0.787972648514144,0.5452087657592404,0.5328047678959061,0.5583718827869898,0.6603364053521984,0.646410935556425,0.6698504410805218,0.5467761193705173,0.5379474789234978,0.5604164371174588,0.7199463187146952,0.7107521904975472,0.7336135684023477,0.6704049226288284,0.6608123593819809,0.6821902642385083,0.585138667250376,0.5732976651296215,0.5965841290142533,
keyword,animals,132126,2791,0.8119771515152274,0.8035621296968347,0.8214957594648092,0.7028257311698275,0.6918353663056905,0.7169074763763672,0.7773545008775897,0.7652554112611251,0.7885833272928083,0.5417723583321536,0.5290446840920745,0.5545034285054895,0.668304664489102,0.6577461066509379,0.684357568145539,0.5479322397173874,0.5376503914832369,0.560593910574552,0.7268121800001427,0.7145569954488339,0.7349339987251614,0.6692389086762333,0.6564622662011403,0.6807774109251813,0.5887996424931224,0.5793071435028375,0.6006215269217594,
keyword,forest,75757,1716,0.8205939617214874,0.8093844159647271,0.8322681204759088,0.7199287013767839,0.7044645364141181,0.7347356445763866,0.7965917528539527,0.7828194007026319,0.8105239737381766,0.5448329447277687,0.5267717552281993,0.55633027084165,0.6740237152899149,0.6550394255127416,0.6887181443385116,0.5610344712443347,0.5472387587513282,0.5804444097128394,0.7362078312595419,0.7216497367879924,0.752512644497631,0.6884954363915544,0.6779142174985529,0.7040556487230694,0.610796586722662,0.5955039795016704,0.6250710859446601,
camera,NIKON CORPORATION NIKON Z 8,217000,2834,0.8170437780996542,0.8057667797635628,0.8277562191720196,0.6995756152438046,0.6843029054185374,0.7075469242900797,0.7850335286180821,0.7743124090617177,0.7955677559548181,0.5413578408318335,0.5284662483213891,0.5533428564250801,0.6598943115952461,0.6479096225802187,0.671782348791028,0.5511834838133275,0.5346525323476213,0.5617963358268554,0.7166849846907983,0.7041364508850514,0.7308781214191783,0.6767105695148691,0.6642827846380355,0.6875552643887703,0.5771955684861938,0.5666246567710633,0.5908747998714698,
camera,NIKON CORPORATION NIKON Z 6_2,75270,2238,0.7670299497553057,0.7548936515263174,0.7810216618135069,0.6916095164674313,0.6793455089888336,0.7047226575563594,0.7413160942639256,0.7255178561151705,0.7512563227330301,0.5419568390143528,0.5300446774433685,0.5571030106474276,0.6361592096631166,0.6249710675369105,0.6482534783025607,0.5734111421748955,0.5594918709699326,0.5861021940804031,0.7036588669774164,0.6881155375793508,0.7146474782917908,0.6601288440191155,0.643676393760033,0.6713567125573189,0.5873975159453801,0.576342220640091,0.6033823192374934,
camera,NIKON CORPORATION NIKON D90,11398,1464,0.8421606266357228,0.8276479595593125,0.8574034516774638,0.7527713188532283,0.7372652182264555,0.7668832441644537,0.8043782219550178,0.790054428725673,0.8177547712021108,0.5671375219273108,0.5475751659843809,0.5886674093864322,0.6715138729373507,0.648931755713573,0.6893021947052921,0.5532897308322187,0.533178763647838,0.5740533647883793,0.7747227708545715,0.7564582873012411,0.7916049346727027,0.7109175048003109,0.6915989190316171,0.7308635701459134,0.6340875330700887,0.6146340769692161,0.6565803024656486,
camera,NIKON CORPORATION NIKON D300,3699,26,0.8168913776720166,0.736901452113701,0.9069756225345167,0.7673187344308595,0.6569061647301122,0.8688922056329784,0.8180215807660397,0.6802252682467281,0.9044973776223776,0.6915649259114057,0.579336761343647,0.7913945661800534,0.6377411285657701,0.4519213678017709,0.7989723646479766,0.4182082458321051,0.265932618721615,0.5591571459085862,0.6671355580172398,0.5107622725379611,0.8268418207284175,0.7094732489370691,0.5398325271127178,0.7891901545822599,0.5522655030396231,0.4509492825377841,0.6614224317349319,
camera,DJI PP-101,0,0,,,,,,,,,,,,,,,,,,,,,,,,,,,,fewer than 20 labelled clusters — not estimated
