split,dimension,pairs,decisive_pairs,label_tie_pairs,clusters,score_tie_rate,pairwise_accuracy_macro,pairwise_accuracy_micro,pairwise_accuracy_macro_ci_lo,pairwise_accuracy_macro_ci_hi,kendall_tau_b_mean,kendall_tau_b_clusters,kendall_tau_b_ci_lo,kendall_tau_b_ci_hi,topk_clusters,top1_agreement,top1_agreement_ci_lo,top1_agreement_ci_hi,ndcg_at_1,ndcg_at_1_ci_lo,ndcg_at_1_ci_hi,ndcg_at_3,ndcg_at_3_ci_lo,ndcg_at_3_ci_hi
all,general,307367,182856,124511,6562,0.0011256901358961762,0.8055893672509853,0.7943709804436277,0.7981802229278775,0.8125572539034248,0.4490423268010292,3941,0.43529064911227633,0.46192729020914025,6562,0.7651630600426699,0.755869325970609,0.7749578853187429,0.8295235192522605,0.8221975918639015,0.8360014636644414,0.8966015379871668,0.892646999837368,0.9001404613572491
all,technical,307367,182856,124511,6562,0.001067128221311982,0.7089952589685129,0.7013961806011287,0.700567314354206,0.7179909535446819,0.30947081190468273,3941,0.2934730812410931,0.32226834441872404,6562,0.6484303565985979,0.6375170480375815,0.6589205771590424,0.7457584069897388,0.737832397700118,0.7535144212770665,0.8463698615257783,0.8417697679012373,0.8506859282063497
all,aesthetic,307367,182856,124511,6562,0.000914216555453253,0.7745700574685115,0.7702262982893643,0.7669504519870517,0.7819510273919171,0.4040008224081623,3941,0.39106522396577714,0.4157878824990474,6562,0.7288936299908565,0.7169011629063068,0.7391244356729324,0.8043787463171798,0.7956384675786791,0.812179936667891,0.8814420829342001,0.8772043721585742,0.8854691614521801
all,arniqa,307367,182856,124511,6562,0.0028174787794395624,0.54790880018391,0.5561534759592247,0.5380067900275884,0.5556185051010568,0.07765913669580476,3941,0.06086409464918866,0.09005225751907309,6562,0.4556537640963121,0.4420072796446704,0.4676826055689647,0.5967692776592503,0.5864194055632017,0.605646977103897,0.7587884818760569,0.7527835154300377,0.7633469471961936
all,ava,307367,182856,124511,6562,0.021690682474045684,0.6543039270969176,0.6630271907949424,0.6460746961254706,0.6634381553038319,0.24640148406039244,3941,0.23029203417368735,0.2594269434259241,6562,0.5827491618409022,0.5707213061734797,0.5950066057707386,0.6932845677130955,0.6844868941958082,0.7016866140245899,0.8196424607379815,0.8144307790733233,0.8240369708700964
all,clip_quality_v0,307367,182856,124511,6562,3.2534396991218967e-06,0.5587073620305377,0.5650265782911144,0.5495111144231969,0.5660387048154435,0.09324430105411623,3941,0.07887696580314818,0.10817175977163555,6562,0.47241694605303264,0.4618089867463993,0.4833325581081251,0.6106877984354363,0.6020219679624865,0.6184895060650414,0.7673143293634801,0.7611685543872277,0.771999889341496
all,liqe,307367,182856,124511,6562,0.000787332407187499,0.7249944303487842,0.7069005118781992,0.7164691756333085,0.7321681185721322,0.32871463604392337,3941,0.31465679009830055,0.3407069349670196,6562,0.6638220054861322,0.652324653832272,0.6735701535553428,0.7567306715432286,0.7479750399750398,0.7638967000227066,0.8512869670422443,0.8465426701251535,0.8556454707452864
all,spaq,307367,182856,124511,6562,0.011439093982112588,0.6788167690368697,0.6663139300870631,0.6705027403021406,0.6863263509120495,0.2580004208582289,3941,0.2449137471761859,0.27042416341415026,6562,0.6115513562938129,0.6005773409763175,0.6222815215052753,0.717260997663314,0.7092029138300472,0.7254540582370945,0.8294395521758957,0.8244111955139563,0.8339202012751176
all,topiq,307367,182856,124511,6562,0.0031623433875464834,0.5932689627048574,0.5917115106969418,0.584812729997996,0.6034327013142817,0.14559090843449402,3941,0.13220520779875955,0.15886038430079286,6562,0.5080768058518744,0.49580641757152805,0.5183779327564682,0.6385248399878084,0.6291376599563965,0.64690513728146,0.7846392702928533,0.7791161112197299,0.7899007124429492
test,general,70066,40392,29674,1315,0.000927696743070819,0.8046040926397401,0.8362051891463657,0.7879405300006538,0.8210539514580028,0.4451140862737793,772,0.4197232892943437,0.46986875895056734,1315,0.7581749049429658,0.7367565525267034,0.7794103641456582,0.8263624841571608,0.8081113303826194,0.8420546824834766,0.8991626707033904,0.890439583909471,0.907482427839624
test,technical,70066,40392,29674,1315,0.0008848799703137043,0.7139857115566774,0.7349475143592791,0.6978278186733451,0.734074902075065,0.3119749303657031,772,0.28432378389893065,0.34409220520143874,1315,0.6372623574144487,0.6180077483396416,0.6628578738955005,0.7394169835234473,0.7242245808753753,0.7592755815182118,0.8469252345878214,0.8355950401302576,0.8578419363982589
test,aesthetic,70066,40392,29674,1315,0.0007992464247994748,0.7799309921540135,0.8107793622499505,0.7640760726581858,0.7999586967420766,0.40396763177210826,772,0.37955544267290664,0.42872243663645776,1315,0.7292775665399239,0.702272417274853,0.7529767650526699,0.8053231939163498,0.785859707734946,0.822384431765254,0.8823866119343319,0.8705551265059497,0.8917281927411685
test,arniqa,70066,40392,29674,1315,0.002754545714041047,0.5470971661074376,0.5686398296692414,0.5271481878383435,0.56281063166948,0.07582569623809748,772,0.04039924965423087,0.10343303169893996,1315,0.4600760456273764,0.4361498142766113,0.4892961876832845,0.6040557667934093,0.5854478188263984,0.6241928766830194,0.7599469930836393,0.7453860349830435,0.7739183040687634
test,ava,70066,40392,29674,1315,0.021351297348214542,0.655059650297584,0.7003119429590018,0.6368994605572504,0.6715827572997665,0.24334005839625403,772,0.214230052238519,0.26839602509452487,1315,0.5764258555133079,0.54681160951461,0.6035455926921195,0.6871989860583017,0.6648388395274969,0.7066086287553054,0.8170781135337781,0.8052927309058155,0.8291055470696241
test,clip_quality_v0,70066,40392,29674,1315,0.0,0.5474310846867269,0.5831352743117449,0.5289301970214128,0.5658153698201274,0.07739926985999844,772,0.04353455122955359,0.11328971838790437,1315,0.4585551330798479,0.43591464661118656,0.49060231254360215,0.6025348542458808,0.5864185594543868,0.626006583672787,0.7649221587492424,0.7538131524879067,0.7765882945512383
test,liqe,70066,40392,29674,1315,0.0007992464247994748,0.731444770203156,0.7375965537730244,0.709189042956249,0.7488803162569526,0.3220443329658971,772,0.2906750151527815,0.34899167353249183,1315,0.6638783269961978,0.6439256044846684,0.6884265187082088,0.7566539923954373,0.7421526983048424,0.774931401326962,0.8526737782017677,0.8443279915195089,0.8631374356248132
test,spaq,70066,40392,29674,1315,0.01078982673479291,0.6775416180314568,0.6988141216082393,0.6597690372553947,0.6996872993951656,0.2688337788944498,772,0.23781448976585026,0.29562166441010435,1315,0.6167300380228137,0.590994080528591,0.6489794649285483,0.7219264892268695,0.7040863525036418,0.7450933297955782,0.8334421261506915,0.8248289119427326,0.8441641354753868
test,topiq,70066,40392,29674,1315,0.003182713441612194,0.5989922965545559,0.6168548227371756,0.5817063819489657,0.6194528921301409,0.14785805734384708,772,0.12176363910561558,0.174679803018267,1315,0.5186311787072243,0.49605248306997746,0.5478298330580601,0.6494296577946768,0.6313719385637196,0.6679159421367226,0.7880074066949018,0.7736441045405236,0.7992800746045607
