split,dimension,n,clusters,spearman_weighted,spearman_weighted_ci_lo,spearman_weighted_ci_hi,spearman_unweighted,spearman_unweighted_p
all,general,64186,19740,0.6305247914491924,0.6212769053931874,0.6398815392446848,0.6718351844541873,0.0
all,technical,64186,19740,0.5630996859241608,0.5531080986701216,0.5727736323445037,0.6201846890651592,0.0
all,aesthetic,64186,19740,0.565127075408052,0.5545321477041799,0.5751228326781332,0.6001353554895619,0.0
all,arniqa,64186,19740,0.3814694022880588,0.3718075999090794,0.3932400525534277,0.4369036268367855,0.0
all,ava,64186,19740,0.33375947547672014,0.32180793530095303,0.3451668342363702,0.3877700117653669,0.0
all,clip_quality_v0,64174,19728,0.37065149720932095,0.36059224983797705,0.38063365396233534,0.4373692080103,0.0
all,liqe,64186,19740,0.5821796597565209,0.5727252984132107,0.5917873583234954,0.5791336764174924,0.0
all,spaq,64186,19740,0.4537558108251395,0.440973885068002,0.46530477383984054,0.5001714751133443,0.0
all,topiq,64186,19740,0.4312088526815161,0.42107525962217973,0.44142202604177283,0.45374391806620973,0.0
test,general,13128,3938,0.6098985373982533,0.5838934979097774,0.6343520382545911,0.6739531585658037,0.0
test,technical,13128,3938,0.5464875615024831,0.5214808345572338,0.5705740251009596,0.6278363287614019,0.0
test,aesthetic,13128,3938,0.5466883355232419,0.5176704912478256,0.5716961275184499,0.5985606798394457,0.0
test,arniqa,13128,3938,0.37565379948063193,0.34706781299543993,0.3982179243730597,0.449852674424552,0.0
test,ava,13128,3938,0.31535917382260653,0.28301417249578265,0.34805910175781907,0.4059908785740181,0.0
test,clip_quality_v0,13125,3935,0.34764575412160076,0.31859651910599357,0.3756675630489043,0.4298548884944994,0.0
test,liqe,13128,3938,0.5570319519332545,0.5315596328156399,0.5815885448287719,0.5650383533279327,0.0
test,spaq,13128,3938,0.43741114009073917,0.4096019615805602,0.46349920569783376,0.4811415133726319,0.0
test,topiq,13128,3938,0.4163192401603386,0.3893992611994122,0.4423100351331148,0.46379330571787325,0.0
