dimension,p,q
general,0.0,0.0391
general,0.01,0.10743
general,0.02,0.1902
general,0.03,0.23389
general,0.04,0.2664
general,0.05,0.29655
general,0.06,0.3219
general,0.07,0.3433
general,0.08,0.3625
general,0.09,0.3787
general,0.1,0.3929
general,0.11,0.4056
general,0.12,0.4175
general,0.13,0.42889
general,0.14,0.4398
general,0.15,0.4497
general,0.16,0.4593
general,0.17,0.4679
general,0.18,0.4767
general,0.19,0.4846
general,0.2,0.4926
general,0.21,0.5001
general,0.22,0.5072
general,0.23,0.5141
general,0.24,0.5207
general,0.25,0.5273
general,0.26,0.5337
general,0.27,0.5397
general,0.28,0.5454
general,0.29,0.5511
general,0.3,0.5562
general,0.31,0.5617
general,0.32,0.5672
general,0.33,0.5726
general,0.34,0.5777
general,0.35,0.5825
general,0.36,0.5871
general,0.37,0.5922
general,0.38,0.5968
general,0.39,0.6013
general,0.4,0.606
general,0.41,0.6107
general,0.42,0.6154
general,0.43,0.6202
general,0.44,0.6249
general,0.45,0.6293
general,0.46,0.6339
general,0.47,0.6384
general,0.48,0.6428
general,0.49,0.6473
general,0.5,0.6517
general,0.51,0.6562
general,0.52,0.6607
general,0.53,0.665
general,0.54,0.6694
general,0.55,0.6735
general,0.56,0.67788
general,0.57,0.6822
general,0.58,0.6867
general,0.59,0.6909
general,0.6,0.6954
general,0.61,0.7001
general,0.62,0.7048
general,0.63,0.7092
general,0.64,0.7138
general,0.65,0.7181
general,0.66,0.7226
general,0.67,0.7272
general,0.68,0.7318
general,0.69,0.7365
general,0.7,0.7415
general,0.71,0.7463
general,0.72,0.7513
general,0.73,0.7564
general,0.74,0.7614
general,0.75,0.7667
general,0.76,0.7718
general,0.77,0.7774
general,0.78,0.7828
general,0.79,0.7886
general,0.8,0.7947
general,0.81,0.8005
general,0.82,0.8061
general,0.83,0.8123
general,0.84,0.8185
general,0.85,0.8245
general,0.86,0.83078
general,0.87,0.8374
general,0.88,0.8438
general,0.89,0.8506
general,0.9,0.8574
general,0.91,0.8644
general,0.92,0.8721
general,0.93,0.879
general,0.94,0.8866
general,0.95,0.8947
general,0.96,0.90358
general,0.97,0.9129
general,0.98,0.9252
general,0.99,0.9407
general,1.0,0.9999
technical,0.0,0.0313
technical,0.01,0.1062
technical,0.02,0.18716
technical,0.03,0.24169
technical,0.04,0.27582
technical,0.05,0.3042
technical,0.06,0.3305
technical,0.07,0.3523
technical,0.08,0.3729
technical,0.09,0.3896
technical,0.1,0.4062
technical,0.11,0.4208
technical,0.12,0.43536
technical,0.13,0.4485
technical,0.14,0.4613
technical,0.15,0.4717
technical,0.16,0.4821
technical,0.17,0.4921
technical,0.18,0.5015
technical,0.19,0.5099
technical,0.2,0.5184
technical,0.21,0.5261
technical,0.22,0.5334
technical,0.23,0.541
technical,0.24,0.5476
technical,0.25,0.5551
technical,0.26,0.5616
technical,0.27,0.5683
technical,0.28,0.5741
technical,0.29,0.58
technical,0.3,0.5858
technical,0.31,0.5914
technical,0.32,0.5967
technical,0.33,0.60239
technical,0.34,0.6077
technical,0.35,0.6127
technical,0.36,0.6176
technical,0.37,0.6226
technical,0.38,0.6276
technical,0.39,0.6326
technical,0.4,0.6372
technical,0.41,0.6415
technical,0.42,0.6459
technical,0.43,0.65029
technical,0.44,0.6545
technical,0.45,0.6589
technical,0.46,0.66318
technical,0.47,0.6674
technical,0.48,0.6716
technical,0.49,0.6757
technical,0.5,0.6802
technical,0.51,0.6844
technical,0.52,0.6885
technical,0.53,0.6929
technical,0.54,0.69712
technical,0.55,0.7013
technical,0.56,0.7053
technical,0.57,0.7091
technical,0.58,0.7132
technical,0.59,0.7171
technical,0.6,0.7209
technical,0.61,0.7252
technical,0.62,0.7292
technical,0.63,0.7332
technical,0.64,0.7371
technical,0.65,0.741
technical,0.66,0.7454
technical,0.67,0.7495
technical,0.68,0.7537
technical,0.69,0.7579
technical,0.7,0.762
technical,0.71,0.7662
technical,0.72,0.7706
technical,0.73,0.7749
technical,0.74,0.7794
technical,0.75,0.7839
technical,0.76,0.7885
technical,0.77,0.7931
technical,0.78,0.7979
technical,0.79,0.803
technical,0.8,0.8081
technical,0.81,0.8136
technical,0.82,0.81886
technical,0.83,0.8243
technical,0.84,0.8302
technical,0.85,0.8359
technical,0.86,0.8417
technical,0.87,0.8478
technical,0.88,0.8546
technical,0.89,0.8607
technical,0.9,0.8673
technical,0.91,0.874
technical,0.92,0.8809
technical,0.93,0.8884
technical,0.94,0.8962
technical,0.95,0.9052
technical,0.96,0.9149
technical,0.97,0.927
technical,0.98,0.9408
technical,0.99,0.9589
technical,1.0,1.0
aesthetic,0.0,0.0162
aesthetic,0.01,0.12266
aesthetic,0.02,0.1815
aesthetic,0.03,0.21859
aesthetic,0.04,0.24682
aesthetic,0.05,0.2681
aesthetic,0.06,0.286
aesthetic,0.07,0.3018
aesthetic,0.08,0.3153
aesthetic,0.09,0.3272
aesthetic,0.1,0.3392
aesthetic,0.11,0.3495
aesthetic,0.12,0.3602
aesthetic,0.13,0.3696
aesthetic,0.14,0.3784
aesthetic,0.15,0.3868
aesthetic,0.16,0.3946
aesthetic,0.17,0.4019
aesthetic,0.18,0.4099
aesthetic,0.19,0.4171
aesthetic,0.2,0.4244
aesthetic,0.21,0.4313
aesthetic,0.22,0.4383
aesthetic,0.23,0.4449
aesthetic,0.24,0.4511
aesthetic,0.25,0.4573
aesthetic,0.26,0.4634
aesthetic,0.27,0.4694
aesthetic,0.28,0.4755
aesthetic,0.29,0.48177
aesthetic,0.3,0.4877
aesthetic,0.31,0.4937
aesthetic,0.32,0.4997
aesthetic,0.33,0.5058
aesthetic,0.34,0.5116
aesthetic,0.35,0.5175
aesthetic,0.36,0.5232
aesthetic,0.37,0.5289
aesthetic,0.38,0.5348
aesthetic,0.39,0.5403
aesthetic,0.4,0.5454
aesthetic,0.41,0.5508
aesthetic,0.42,0.5564
aesthetic,0.43,0.5619
aesthetic,0.44,0.5675
aesthetic,0.45,0.5731
aesthetic,0.46,0.5785
aesthetic,0.47,0.5836
aesthetic,0.48,0.58874
aesthetic,0.49,0.5942
aesthetic,0.5,0.5996
aesthetic,0.51,0.605
aesthetic,0.52,0.6104
aesthetic,0.53,0.6156
aesthetic,0.54,0.6207
aesthetic,0.55,0.6261
aesthetic,0.56,0.6316
aesthetic,0.57,0.6368
aesthetic,0.58,0.6417
aesthetic,0.59,0.6468
aesthetic,0.6,0.652
aesthetic,0.61,0.6573
aesthetic,0.62,0.66266
aesthetic,0.63,0.668
aesthetic,0.64,0.6733
aesthetic,0.65,0.6784
aesthetic,0.66,0.6837
aesthetic,0.67,0.6893
aesthetic,0.68,0.6945
aesthetic,0.69,0.6997
aesthetic,0.7,0.7052
aesthetic,0.71,0.7103
aesthetic,0.72,0.7156
aesthetic,0.73,0.7212
aesthetic,0.74,0.72642
aesthetic,0.75,0.7316
aesthetic,0.76,0.7368
aesthetic,0.77,0.7418
aesthetic,0.78,0.7475
aesthetic,0.79,0.7529
aesthetic,0.8,0.7584
aesthetic,0.81,0.7645
aesthetic,0.82,0.7705
aesthetic,0.83,0.7772
aesthetic,0.84,0.7836
aesthetic,0.85,0.7902
aesthetic,0.86,0.7972
aesthetic,0.87,0.8045
aesthetic,0.88,0.81194
aesthetic,0.89,0.8199
aesthetic,0.9,0.8279
aesthetic,0.91,0.8359
aesthetic,0.92,0.8441
aesthetic,0.93,0.8529
aesthetic,0.94,0.8624
aesthetic,0.95,0.8726
aesthetic,0.96,0.88498
aesthetic,0.97,0.8987
aesthetic,0.98,0.9167
aesthetic,0.99,0.94017
aesthetic,1.0,1.0
arniqa,0.0,0.1557
arniqa,0.01,0.42083
arniqa,0.02,0.4736
arniqa,0.03,0.501
arniqa,0.04,0.51903
arniqa,0.05,0.532
arniqa,0.06,0.543
arniqa,0.07,0.5524
arniqa,0.08,0.56076
arniqa,0.09,0.568
arniqa,0.1,0.5739
arniqa,0.11,0.579
arniqa,0.12,0.5838
arniqa,0.13,0.588
arniqa,0.14,0.5916
arniqa,0.15,0.5951
arniqa,0.16,0.5985
arniqa,0.17,0.6017
arniqa,0.18,0.6044
arniqa,0.19,0.607
arniqa,0.2,0.6096
arniqa,0.21,0.612
arniqa,0.22,0.6142
arniqa,0.23,0.6166
arniqa,0.24,0.6188
arniqa,0.25,0.6208
arniqa,0.26,0.6228
arniqa,0.27,0.6247
arniqa,0.28,0.6266
arniqa,0.29,0.6282
arniqa,0.3,0.63
arniqa,0.31,0.6318
arniqa,0.32,0.6333
arniqa,0.33,0.635
arniqa,0.34,0.6364
arniqa,0.35,0.638
arniqa,0.36,0.6394
arniqa,0.37,0.641
arniqa,0.38,0.6424
arniqa,0.39,0.64395
arniqa,0.4,0.6452
arniqa,0.41,0.6468
arniqa,0.42,0.6481
arniqa,0.43,0.6497
arniqa,0.44,0.651
arniqa,0.45,0.6523
arniqa,0.46,0.6537
arniqa,0.47,0.655
arniqa,0.48,0.6562
arniqa,0.49,0.6575
arniqa,0.5,0.6588
arniqa,0.51,0.66
arniqa,0.52,0.6612
arniqa,0.53,0.6626
arniqa,0.54,0.6639
arniqa,0.55,0.665
arniqa,0.56,0.6662
arniqa,0.57,0.6675
arniqa,0.58,0.6688
arniqa,0.59,0.67
arniqa,0.6,0.6712
arniqa,0.61,0.6725
arniqa,0.62,0.6738
arniqa,0.63,0.675
arniqa,0.64,0.6763
arniqa,0.65,0.6777
arniqa,0.66,0.679
arniqa,0.67,0.6801
arniqa,0.68,0.6814
arniqa,0.69,0.6829
arniqa,0.7,0.684
arniqa,0.71,0.6853
arniqa,0.72,0.6867
arniqa,0.73,0.688
arniqa,0.74,0.6894
arniqa,0.75,0.6909
arniqa,0.76,0.6923
arniqa,0.77,0.6938
arniqa,0.78,0.6952
arniqa,0.79,0.6969
arniqa,0.8,0.6984
arniqa,0.81,0.7
arniqa,0.82,0.7016
arniqa,0.83,0.7033
arniqa,0.84,0.705
arniqa,0.85,0.707
arniqa,0.86,0.7089
arniqa,0.87,0.7107
arniqa,0.88,0.7126
arniqa,0.89,0.7149
arniqa,0.9,0.717
arniqa,0.91,0.7195
arniqa,0.92,0.722
arniqa,0.93,0.7249
arniqa,0.94,0.728
arniqa,0.95,0.7311
arniqa,0.96,0.7348
arniqa,0.97,0.739
arniqa,0.98,0.74414
arniqa,0.99,0.7533
arniqa,1.0,0.827
ava,0.0,0.136
ava,0.01,0.285
ava,0.02,0.307
ava,0.03,0.31896
ava,0.04,0.326
ava,0.05,0.331
ava,0.06,0.336
ava,0.07,0.34
ava,0.08,0.343
ava,0.09,0.346
ava,0.1,0.349
ava,0.11,0.352
ava,0.12,0.354
ava,0.13,0.356
ava,0.14,0.359
ava,0.15,0.36
ava,0.16,0.362
ava,0.17,0.364
ava,0.18,0.366
ava,0.19,0.368
ava,0.2,0.37
ava,0.21,0.371
ava,0.22,0.373
ava,0.23,0.374
ava,0.24,0.376
ava,0.25,0.377
ava,0.26,0.379
ava,0.27,0.38
ava,0.28,0.382
ava,0.29,0.383
ava,0.3,0.385
ava,0.31,0.386
ava,0.32,0.387
ava,0.33,0.389
ava,0.34,0.39
ava,0.35,0.391
ava,0.36,0.393
ava,0.37,0.394
ava,0.38,0.395
ava,0.39,0.397
ava,0.4,0.398
ava,0.41,0.399
ava,0.42,0.4
ava,0.43,0.402
ava,0.44,0.403
ava,0.45,0.404
ava,0.46,0.405
ava,0.47,0.407
ava,0.48,0.408
ava,0.49,0.409
ava,0.5,0.41
ava,0.51,0.412
ava,0.52,0.413
ava,0.53,0.414
ava,0.54,0.415
ava,0.55,0.416
ava,0.56,0.418
ava,0.57,0.419
ava,0.58,0.42
ava,0.59,0.422
ava,0.6,0.423
ava,0.61,0.424
ava,0.62,0.425
ava,0.63,0.427
ava,0.64,0.428
ava,0.65,0.429
ava,0.66,0.431
ava,0.67,0.432
ava,0.68,0.433
ava,0.69,0.435
ava,0.7,0.436
ava,0.71,0.438
ava,0.72,0.439
ava,0.73,0.441
ava,0.74,0.443
ava,0.75,0.444
ava,0.76,0.446
ava,0.77,0.448
ava,0.78,0.45
ava,0.79,0.452
ava,0.8,0.453
ava,0.81,0.455
ava,0.82,0.458
ava,0.83,0.46
ava,0.84,0.462
ava,0.85,0.464
ava,0.86,0.467
ava,0.87,0.469
ava,0.88,0.472
ava,0.89,0.475
ava,0.9,0.478
ava,0.91,0.482
ava,0.92,0.486
ava,0.93,0.49
ava,0.94,0.495
ava,0.95,0.501
ava,0.96,0.508
ava,0.97,0.516
ava,0.98,0.527
ava,0.99,0.542
ava,1.0,0.62
clip_quality_v0,0.0,0.07134
clip_quality_v0,0.01,0.20498
clip_quality_v0,0.02,0.23596
clip_quality_v0,0.03,0.2586
clip_quality_v0,0.04,0.27741
clip_quality_v0,0.05,0.2928
clip_quality_v0,0.06,0.30471
clip_quality_v0,0.07,0.31625
clip_quality_v0,0.08,0.32542
clip_quality_v0,0.09,0.3343
clip_quality_v0,0.1,0.34284
clip_quality_v0,0.11,0.3504
clip_quality_v0,0.12,0.35743
clip_quality_v0,0.13,0.36365
clip_quality_v0,0.14,0.37015
clip_quality_v0,0.15,0.37607
clip_quality_v0,0.16,0.38167
clip_quality_v0,0.17,0.38684
clip_quality_v0,0.18,0.39217
clip_quality_v0,0.19,0.39717
clip_quality_v0,0.2,0.40221
clip_quality_v0,0.21,0.40706
clip_quality_v0,0.22,0.41148
clip_quality_v0,0.23,0.41595
clip_quality_v0,0.24,0.42021
clip_quality_v0,0.25,0.42446
clip_quality_v0,0.26,0.42849
clip_quality_v0,0.27,0.43248
clip_quality_v0,0.28,0.4362
clip_quality_v0,0.29,0.44016
clip_quality_v0,0.3,0.44394
clip_quality_v0,0.31,0.44752
clip_quality_v0,0.32,0.4512
clip_quality_v0,0.33,0.45484
clip_quality_v0,0.34,0.45823
clip_quality_v0,0.35,0.46164
clip_quality_v0,0.36,0.46524
clip_quality_v0,0.37,0.4687
clip_quality_v0,0.38,0.47222
clip_quality_v0,0.39,0.47575
clip_quality_v0,0.4,0.47928
clip_quality_v0,0.41,0.4824
clip_quality_v0,0.42,0.48593
clip_quality_v0,0.43,0.4894
clip_quality_v0,0.44,0.49248
clip_quality_v0,0.45,0.49582
clip_quality_v0,0.46,0.49886
clip_quality_v0,0.47,0.50216
clip_quality_v0,0.48,0.50536
clip_quality_v0,0.49,0.50862
clip_quality_v0,0.5,0.51172
clip_quality_v0,0.51,0.51495
clip_quality_v0,0.52,0.51808
clip_quality_v0,0.53,0.52117
clip_quality_v0,0.54,0.52448
clip_quality_v0,0.55,0.52762
clip_quality_v0,0.56,0.53088
clip_quality_v0,0.57,0.53403
clip_quality_v0,0.58,0.53741
clip_quality_v0,0.59,0.54078
clip_quality_v0,0.6,0.54406
clip_quality_v0,0.61,0.54763
clip_quality_v0,0.62,0.55092
clip_quality_v0,0.63,0.55431
clip_quality_v0,0.64,0.55777
clip_quality_v0,0.65,0.56121
clip_quality_v0,0.66,0.56466
clip_quality_v0,0.67,0.56825
clip_quality_v0,0.68,0.57172
clip_quality_v0,0.69,0.57535
clip_quality_v0,0.7,0.57899
clip_quality_v0,0.71,0.58302
clip_quality_v0,0.72,0.58673
clip_quality_v0,0.73,0.59091
clip_quality_v0,0.74,0.59513
clip_quality_v0,0.75,0.59899
clip_quality_v0,0.76,0.60299
clip_quality_v0,0.77,0.60725
clip_quality_v0,0.78,0.61151
clip_quality_v0,0.79,0.61601
clip_quality_v0,0.8,0.62034
clip_quality_v0,0.81,0.62461
clip_quality_v0,0.82,0.6294
clip_quality_v0,0.83,0.63408
clip_quality_v0,0.84,0.63903
clip_quality_v0,0.85,0.6444
clip_quality_v0,0.86,0.64961
clip_quality_v0,0.87,0.65548
clip_quality_v0,0.88,0.6615
clip_quality_v0,0.89,0.66731
clip_quality_v0,0.9,0.67336
clip_quality_v0,0.91,0.68021
clip_quality_v0,0.92,0.68767
clip_quality_v0,0.93,0.69506
clip_quality_v0,0.94,0.70262
clip_quality_v0,0.95,0.71201
clip_quality_v0,0.96,0.72306
clip_quality_v0,0.97,0.73609
clip_quality_v0,0.98,0.75664
clip_quality_v0,0.99,0.80515
clip_quality_v0,1.0,0.8804
liqe,0.0,0.00047
liqe,0.01,0.08301
liqe,0.02,0.31216
liqe,0.03,0.37457
liqe,0.04,0.40863
liqe,0.05,0.43421
liqe,0.06,0.45632
liqe,0.07,0.47459
liqe,0.08,0.49026
liqe,0.09,0.50402
liqe,0.1,0.517
liqe,0.11,0.52835
liqe,0.12,0.53994
liqe,0.13,0.55029
liqe,0.14,0.56
liqe,0.15,0.56903
liqe,0.16,0.57806
liqe,0.17,0.5866
liqe,0.18,0.595
liqe,0.19,0.60221
liqe,0.2,0.60954
liqe,0.21,0.617
liqe,0.22,0.62422
liqe,0.23,0.63118
liqe,0.24,0.63792
liqe,0.25,0.64421
liqe,0.26,0.65033
liqe,0.27,0.65677
liqe,0.28,0.66279
liqe,0.29,0.6682
liqe,0.3,0.67363
liqe,0.31,0.6789
liqe,0.32,0.68385
liqe,0.33,0.68893
liqe,0.34,0.69375
liqe,0.35,0.6984
liqe,0.36,0.70286
liqe,0.37,0.70734
liqe,0.38,0.71169
liqe,0.39,0.716
liqe,0.4,0.72008
liqe,0.41,0.7242
liqe,0.42,0.72869
liqe,0.43,0.73293
liqe,0.44,0.73702
liqe,0.45,0.74179
liqe,0.46,0.746
liqe,0.47,0.75042
liqe,0.48,0.75491
liqe,0.49,0.75967
liqe,0.5,0.76429
liqe,0.51,0.769
liqe,0.52,0.774
liqe,0.53,0.77951
liqe,0.54,0.7847
liqe,0.55,0.78997
liqe,0.56,0.79551
liqe,0.57,0.80124
liqe,0.58,0.80722
liqe,0.59,0.81365
liqe,0.6,0.81984
liqe,0.61,0.82605
liqe,0.62,0.8322
liqe,0.63,0.83841
liqe,0.64,0.84469
liqe,0.65,0.85101
liqe,0.66,0.85767
liqe,0.67,0.86456
liqe,0.68,0.871
liqe,0.69,0.87761
liqe,0.7,0.88399
liqe,0.71,0.89
liqe,0.72,0.89657
liqe,0.73,0.903
liqe,0.74,0.90916
liqe,0.75,0.91506
liqe,0.76,0.92085
liqe,0.77,0.92684
liqe,0.78,0.93225
liqe,0.79,0.93778
liqe,0.8,0.94342
liqe,0.81,0.94826
liqe,0.82,0.95283
liqe,0.83,0.95743
liqe,0.84,0.96166
liqe,0.85,0.96564
liqe,0.86,0.96964
liqe,0.87,0.97351
liqe,0.88,0.977
liqe,0.89,0.98013
liqe,0.9,0.98304
liqe,0.91,0.98572
liqe,0.92,0.98806
liqe,0.93,0.99022
liqe,0.94,0.99228
liqe,0.95,0.994
liqe,0.96,0.99559
liqe,0.97,0.997
liqe,0.98,0.99806
liqe,0.99,0.99906
liqe,1.0,1.0
spaq,0.0,0.094
spaq,0.01,0.216
spaq,0.02,0.267
spaq,0.03,0.299
spaq,0.04,0.321
spaq,0.05,0.339
spaq,0.06,0.353
spaq,0.07,0.364
spaq,0.08,0.375
spaq,0.09,0.386
spaq,0.1,0.395
spaq,0.11,0.404
spaq,0.12,0.412
spaq,0.13,0.419
spaq,0.14,0.426
spaq,0.15,0.433
spaq,0.16,0.44
spaq,0.17,0.447
spaq,0.18,0.453
spaq,0.19,0.459
spaq,0.2,0.4644
spaq,0.21,0.471
spaq,0.22,0.476
spaq,0.23,0.482
spaq,0.24,0.487
spaq,0.25,0.492
spaq,0.26,0.498
spaq,0.27,0.503
spaq,0.28,0.508
spaq,0.29,0.513
spaq,0.3,0.518
spaq,0.31,0.523
spaq,0.32,0.527
spaq,0.33,0.532
spaq,0.34,0.537
spaq,0.35,0.541
spaq,0.36,0.546
spaq,0.37,0.55
spaq,0.38,0.555
spaq,0.39,0.559
spaq,0.4,0.563
spaq,0.41,0.568
spaq,0.42,0.572
spaq,0.43,0.576
spaq,0.44,0.581
spaq,0.45,0.585
spaq,0.46,0.589
spaq,0.47,0.593
spaq,0.48,0.597
spaq,0.49,0.601
spaq,0.5,0.605
spaq,0.51,0.609
spaq,0.52,0.613
spaq,0.53,0.617
spaq,0.54,0.621
spaq,0.55,0.625
spaq,0.56,0.628
spaq,0.57,0.632
spaq,0.58,0.636
spaq,0.59,0.639
spaq,0.6,0.643
spaq,0.61,0.646
spaq,0.62,0.649
spaq,0.63,0.652
spaq,0.64,0.656
spaq,0.65,0.659
spaq,0.66,0.662
spaq,0.67,0.665
spaq,0.68,0.668
spaq,0.69,0.671
spaq,0.7,0.674
spaq,0.71,0.677
spaq,0.72,0.68
spaq,0.73,0.683
spaq,0.74,0.686
spaq,0.75,0.689
spaq,0.76,0.691
spaq,0.77,0.694
spaq,0.78,0.697
spaq,0.79,0.7
spaq,0.8,0.703
spaq,0.81,0.706
spaq,0.82,0.709
spaq,0.83,0.712
spaq,0.84,0.715
spaq,0.85,0.718
spaq,0.86,0.721
spaq,0.87,0.724
spaq,0.88,0.727
spaq,0.89,0.73
spaq,0.9,0.733
spaq,0.91,0.736
spaq,0.92,0.74
spaq,0.93,0.743
spaq,0.94,0.746
spaq,0.95,0.75
spaq,0.96,0.754
spaq,0.97,0.758
spaq,0.98,0.764
spaq,0.99,0.772
spaq,1.0,0.802
topiq,0.0,0.0331
topiq,0.01,0.2949
topiq,0.02,0.391
topiq,0.03,0.4294
topiq,0.04,0.4527
topiq,0.05,0.47
topiq,0.06,0.4822
topiq,0.07,0.4918
topiq,0.08,0.4998
topiq,0.09,0.5069
topiq,0.1,0.513
topiq,0.11,0.5185
topiq,0.12,0.5234
topiq,0.13,0.5279
topiq,0.14,0.5319
topiq,0.15,0.5359
topiq,0.16,0.539
topiq,0.17,0.5426
topiq,0.18,0.5457
topiq,0.19,0.5486
topiq,0.2,0.5516
topiq,0.21,0.5544
topiq,0.22,0.557
topiq,0.23,0.5595
topiq,0.24,0.562
topiq,0.25,0.5645
topiq,0.26,0.5669
topiq,0.27,0.569
topiq,0.28,0.571
topiq,0.29,0.573
topiq,0.3,0.575
topiq,0.31,0.577
topiq,0.32,0.5787
topiq,0.33,0.5804
topiq,0.34,0.5821
topiq,0.35,0.584
topiq,0.36,0.5857
topiq,0.37,0.5874
topiq,0.38,0.5891
topiq,0.39,0.5909
topiq,0.4,0.5924
topiq,0.41,0.594
topiq,0.42,0.5958
topiq,0.43,0.5973
topiq,0.44,0.599
topiq,0.45,0.6005
topiq,0.46,0.602
topiq,0.47,0.6037
topiq,0.48,0.6052
topiq,0.49,0.6069
topiq,0.5,0.6084
topiq,0.51,0.61
topiq,0.52,0.6116
topiq,0.53,0.6132
topiq,0.54,0.6148
topiq,0.55,0.6163
topiq,0.56,0.618
topiq,0.57,0.6195
topiq,0.58,0.621
topiq,0.59,0.6226
topiq,0.6,0.6242
topiq,0.61,0.6258
topiq,0.62,0.62728
topiq,0.63,0.629
topiq,0.64,0.6303
topiq,0.65,0.6318
topiq,0.66,0.6332
topiq,0.67,0.635
topiq,0.68,0.6364
topiq,0.69,0.6381
topiq,0.7,0.6397
topiq,0.71,0.6412
topiq,0.72,0.6429
topiq,0.73,0.6442
topiq,0.74,0.6459
topiq,0.75,0.6475
topiq,0.76,0.6491
topiq,0.77,0.651
topiq,0.78,0.6526
topiq,0.79,0.6542
topiq,0.8,0.6561
topiq,0.81,0.658
topiq,0.82,0.6598
topiq,0.83,0.6616
topiq,0.84,0.6635
topiq,0.85,0.6656
topiq,0.86,0.6676
topiq,0.87,0.6697
topiq,0.88,0.672
topiq,0.89,0.6742
topiq,0.9,0.6766
topiq,0.91,0.6792
topiq,0.92,0.6819
topiq,0.93,0.6848
topiq,0.94,0.688
topiq,0.95,0.6917
topiq,0.96,0.69577
topiq,0.97,0.7008
topiq,0.98,0.7076
topiq,0.99,0.7192
topiq,1.0,0.7978
