dimension,n,missing_pct,finite_pct,min,max,below_bound,above_bound,mean,median,variance,std,mad,iqr,skewness,excess_kurtosis,bimodality_coefficient,bimodal_hint,unique,tie_fraction,floor_pct,ceiling_pct,near_bound_pct,two_decimal_grid_pct,entropy_norm,p1,p5,p10,p25,p50,p75,p90,p95,p99,p99.5,p99.9,mean_ci_lo,mean_ci_hi,median_ci_lo,median_ci_hi
general,77331,1.976,98.024,0.0391,0.9999,0,0,0.6340475785907334,0.6517,0.032603938671331836,0.1805656076647262,0.11919999999999997,0.23940000000000006,-0.6315041839975076,0.2482041623519815,0.43062176678475356,False,8580,0.8890483764596345,0.0,0.0,0.020690279448086796,1.0073579806287258,0.909992116550276,0.10743,0.29655,0.3929,0.5273,0.6517,0.7667,0.8574,0.8947,0.9407,0.953,0.9753670000000013,0.631321165375,0.6362645797500001,0.64954875,0.6556
technical,77331,1.976,98.024,0.0313,1.0,0,0,0.6547059109542097,0.6802,0.03267784364474464,0.18077014035715255,0.11249999999999993,0.2288,-0.7884950745168172,0.5346005309989925,0.45879897026393873,False,8692,0.8876000568982685,0.0,0.010345139724043398,0.10345139724043396,0.962097994336036,0.9057344119403787,0.1062,0.3042,0.4062,0.5551,0.6802,0.7839,0.8673,0.9052,0.9589,0.9725350000000006,0.9903010000000038,0.65178833875,0.656788591625,0.67789875,0.6836012499999999
aesthetic,77331,1.976,98.024,0.0162,1.0,0,0,0.5887926071045247,0.5996,0.03469578300974372,0.18626804076315326,0.13680000000000003,0.27430000000000004,-0.2892236781504296,-0.4397679134151118,0.4232432994289194,False,8754,0.8867983085696551,0.0,0.018103994517075946,0.0892268301198743,1.0112374080252422,0.9256315256010288,0.12266000000000002,0.2681,0.3392,0.4573,0.5996,0.7316,0.8279,0.8726,0.9401699999999997,0.9582,0.9891,0.5861614359999999,0.591265524,0.596795,0.6036
arniqa,77333,1.974,98.026,0.1557,0.827,0,0,0.6490840313966871,0.6588,0.004107512286380434,0.06408987662946804,0.03469999999999995,0.07009999999999994,-1.5202475057570335,4.490927511461884,0.4420148279200647,False,4029,0.9479006375027479,0.0,0.0,0.0,2.8900986642183804,0.6295136666606596,0.420832,0.532,0.5739,0.6208,0.6588,0.6909,0.717,0.7311,0.7533,0.763,0.7821668000000005,0.6479253303749999,0.6498335137499999,0.658,0.6598
ava,77333,1.974,98.026,0.136,0.62,0,0,0.41165636920848797,0.41,0.0027797775869671847,0.052723596111866125,0.03300000000000003,0.067,-0.04656100339348329,1.044136284819647,0.24780052308753914,False,462,0.99402583631826,0.0,0.0,0.0,10.113405661231297,0.6080757254435085,0.285,0.331,0.349,0.377,0.41,0.444,0.478,0.501,0.542,0.555,0.579,0.41052178125000005,0.41191058875000003,0.409,0.411
clip_quality_v0,77294,2.023,97.977,0.07134311646223068,0.8804001808166504,0,0,0.5095181930363433,0.5117182731628418,0.01635400004113419,0.12788275896747844,0.0872662365436554,0.17452261596918106,-0.10634174946021893,-0.13743111083890458,0.35327269683486934,False,74280,0.03899397107149327,0.0,0.0,0.0,0.10867596449918493,0.8358018372353443,0.204975613206625,0.2927971750497818,0.3428445279598236,0.42446324974298477,0.5117182731628418,0.5989858657121658,0.6733638286590576,0.7120135158300399,0.805148158073425,0.8349406504631043,0.8619562906622905,0.5085921943603828,0.5117490679544956,0.5100127540528774,0.5139474295079708
liqe,77333,1.974,98.026,0.00047147274017333984,1.0,0,0,0.7545496348729059,0.7642866373062134,0.03527355090867238,0.18781254193656072,0.13593465089797974,0.27084851264953613,-0.9395519827180924,1.4179655668499134,0.4261482581857066,False,61417,0.2058112319449653,0.0,0.21853542472165827,7.709515989293057,2.319837585506834,0.8653738960838613,0.08301299995422363,0.4342058539390564,0.517,0.6442122459411621,0.7642866373062134,0.9150607585906982,0.9830412864685059,0.994,0.9990573787689209,0.9995803952217102,1.0,0.7522509351251847,0.7573307181077878,0.7610585746645928,0.7673642873764038
spaq,77333,1.974,98.026,0.094,0.802,0,0,0.5810404872434795,0.605,0.017437912044618534,0.13205268662400826,0.09399999999999997,0.19699999999999995,-0.7313907624471514,0.01627684838027532,0.5088635097354846,False,702,0.990922374665408,0.0,0.0,0.0,10.052629537196282,0.8150649909341977,0.216,0.339,0.395,0.492,0.605,0.689,0.733,0.75,0.772,0.778,0.789,0.57936375875,0.5831121100000001,0.602,0.608
topiq,77333,1.974,98.026,0.0331,0.7978,0,0,0.5975849107108221,0.6084,0.00589775724981002,0.07679685703080576,0.0411999999999999,0.08299999999999996,-1.8555424264569595,6.815573642517368,0.45264649596755113,False,4508,0.9417066452872642,0.0,0.0,0.0,2.851305393557731,0.6669073233022434,0.2949,0.47,0.513,0.5645,0.6084,0.6475,0.6766,0.6917,0.7192,0.7314,0.7555668000000005,0.59618161975,0.598318739625,0.6074,0.6095
