a,b,pooled,within,delta,sign_flip
general,clip_quality_v0,0.6161893353011545,0.18430101475271124,-0.4318883205484433,False
technical,clip_quality_v0,0.5952846211731841,0.16446815221045602,-0.4308164689627281,False
arniqa,liqe,0.5871376121844017,0.1615637837625262,-0.4255738284218755,False
clip_quality_v0,liqe,0.6182757556742613,0.1989724568829553,-0.419303298791306,False
arniqa,topiq,0.5745756580197455,0.18958195343276057,-0.38499370458698495,False
arniqa,clip_quality_v0,0.46350319320903044,0.08047779650617087,-0.38302539670285957,False
liqe,topiq,0.6623099492240738,0.3134489207824793,-0.3488610284415945,False
clip_quality_v0,topiq,0.4601390576840904,0.13342576919879656,-0.32671328848529385,False
general,arniqa,0.6496548236001134,0.32496925541654,-0.3246855681835734,False
aesthetic,clip_quality_v0,0.43481953933861406,0.12735165082446742,-0.30746788851414664,False
technical,liqe,0.7951444552797081,0.4911922438594613,-0.3039522114202468,False
general,topiq,0.7436103846277693,0.44397484288864775,-0.29963554173912155,False
clip_quality_v0,spaq,0.3486647876964187,0.0654300800126792,-0.2832347076837395,False
spaq,topiq,0.4346361757522979,0.1521630899162702,-0.2824730858360277,False
aesthetic,arniqa,0.38526177165415887,0.11993081973055184,-0.265330951923607,False
technical,topiq,0.8425543176124081,0.5829767756293186,-0.25957754198308947,False
aesthetic,topiq,0.46827994953716334,0.21619398061164752,-0.2520859689255158,False
ava,spaq,0.33281583880817683,0.08999425139848653,-0.2428215874096903,False
arniqa,spaq,0.33194231573482685,0.10090421900107832,-0.23103809673374853,False
technical,arniqa,0.7599958305039509,0.5376564605384668,-0.2223393699654841,False
general,liqe,0.8361262996626099,0.6172108626888139,-0.218915436973796,False
technical,aesthetic,0.7265455400379401,0.5156143139788872,-0.2109312260590529,False
technical,spaq,0.6981144283551354,0.501830028597716,-0.1962843997574194,False
aesthetic,liqe,0.4675079186231851,0.2776192762941889,-0.18988864232899616,False
aesthetic,spaq,0.8717769890731205,0.6895243442256493,-0.18225264484747117,False
liqe,spaq,0.3227982698923655,0.14852365776016913,-0.17427461213219636,False
technical,ava,0.31531250636325747,0.1502448272819586,-0.16506767908129888,False
general,spaq,0.7361745703688599,0.5830379659765008,-0.1531366043923591,False
general,ava,0.4645719419667005,0.31459237565168424,-0.14997956631501624,False
aesthetic,ava,0.7143179046699593,0.5646231255881077,-0.14969477908185158,False
ava,clip_quality_v0,0.2493501444270804,0.106269801113144,-0.14308034331393638,False
general,technical,0.9610295667114399,0.8268937610097457,-0.13413580570169426,False
ava,liqe,0.25584964375473335,0.13037992668083875,-0.1254697170738946,False
general,aesthetic,0.8335228062199109,0.7195033403603187,-0.11401946585959222,False
arniqa,ava,0.18183946297986073,0.07333722346630712,-0.1085022395135536,False
ava,topiq,0.2010505549595581,0.13106950903318523,-0.06998104592637286,False
